Month,Minnesota months since launch,"Minnesota published (Price per gram, pre-tax (August 2026 dollars))",If Minnesota follows Michigan,If Minnesota follows Massachusetts,If Minnesota follows Illinois,Michigan source month,Massachusetts source month,Illinois source month,Range low,Range high
2025-09,0,,19.08,14.72,17.67,,,,,
2025-10,1,,18.85,14.83,18.03,,,,,
2025-11,2,,18.16,15.13,17.39,,,,,
2025-12,3,14.02,17.37,15.1,18.38,,,,,
2026-01,4,,15.42,14.95,17.55,,,,,
2026-02,5,,15.23,14.89,16.24,,,,,
2026-03,6,,14.77,14.75,16.49,,,,,
2026-04,7,,14.78,14.72,16.17,,,,,
2026-05,8,,14.62,14.58,16.18,,,,,
2026-06,9,,14.64,14.51,14.98,,,,,
2026-07,10,14.59,14.59,14.59,14.59,2020-10,2019-09,2020-11,14.59,14.59
2026-08,11,14.5,13.76,14.88,14.53,2020-11,2019-10,2020-12,13.76,14.88
2026-09,12,,12.82,14.81,14.46,2020-12,2019-11,2021-01,12.82,14.81
2026-10,13,,11.77,14.9,14.21,2021-01,2019-12,2021-02,11.77,14.9
2026-11,14,,9.64,14.9,13.84,2021-02,2020-01,2021-03,9.64,14.9
2026-12,15,,9.13,14.75,14.08,2021-03,2020-02,2021-04,9.13,14.75
2027-01,16,,8.74,14.64,14.29,2021-04,2020-03,2021-05,8.74,14.64
2027-02,17,,7.79,,14.29,2021-05,2020-04,2021-06,7.79,14.29
2027-03,18,,7.32,14.72,14.06,2021-06,2020-05,2021-07,7.32,14.72
2027-04,19,,7.55,14.58,14.54,2021-07,2020-06,2021-08,7.55,14.58
2027-05,20,,7.69,14.51,14.18,2021-08,2020-07,2021-09,7.69,14.51
2027-06,21,,7.03,14.51,13.83,2021-09,2020-08,2021-10,7.03,14.51
2027-07,22,,6.97,14.43,13.29,2021-10,2020-09,2021-11,6.97,14.43
2027-08,23,,6.5,14.48,12.91,2021-11,2020-10,2021-12,6.5,14.48
2027-09,24,,6.28,14.44,12.53,2021-12,2020-11,2022-01,6.28,14.44
2027-10,25,,5.15,14.27,12.32,2022-01,2020-12,2022-02,5.15,14.27
2027-11,26,,5.35,14.25,12.27,2022-02,2021-01,2022-03,5.35,14.25
2027-12,27,,6.29,14.17,12.19,2022-03,2021-02,2022-04,6.29,14.17
2028-01,28,,4.37,14.06,11.98,2022-04,2021-03,2022-05,4.37,14.06
2028-02,29,,4.23,13.75,11.5,2022-05,2021-04,2022-06,4.23,13.75
2028-03,30,,3.9,13.61,11.5,2022-06,2021-05,2022-07,3.9,13.61
2028-04,31,,3.88,13.4,11.24,2022-07,2021-06,2022-08,3.88,13.4
2028-05,32,,3.74,13.28,11.03,2022-08,2021-07,2022-09,3.74,13.28
2028-06,33,,3.51,13.12,10.86,2022-09,2021-08,2022-10,3.51,13.12
2028-07,34,,3.27,12.95,10.82,2022-10,2021-09,2022-11,3.27,12.95
2028-08,35,,3.04,12.69,10.43,2022-11,2021-10,2022-12,3.04,12.69
2028-09,36,,2.91,12.48,10.35,2022-12,2021-11,2023-01,2.91,12.48
2028-10,37,,2.55,12.04,10.12,2023-01,2021-12,2023-02,2.55,12.04
2028-11,38,,2.72,11.75,9.68,2023-02,2022-01,2023-03,2.72,11.75
2028-12,39,,2.73,11.38,9.24,2023-03,2022-02,2023-04,2.73,11.38
2029-01,40,,2.75,10.88,9.11,2023-04,2022-03,2023-05,2.75,10.88
2029-02,41,,2.83,10.23,8.93,2023-05,2022-04,2023-06,2.83,10.23
2029-03,42,,2.78,9.82,8.75,2023-06,2022-05,2023-07,2.78,9.82
2029-04,43,,3.06,9.28,8.52,2023-07,2022-06,2023-08,3.06,9.28
2029-05,44,,2.91,8.93,8.51,2023-08,2022-07,2023-09,2.91,8.93
2029-06,45,,3.1,8.56,8.39,2023-09,2022-08,2023-10,3.1,8.56
2029-07,46,,3.02,8.06,8.26,2023-10,2022-09,2023-11,3.02,8.26
