Year,Scenario,Observed plants harvested,Projected plants harvested,Total,Licensed cultivation sites at year end
2024,Observed,70929,0,70929,
2024,Observed,70929,0,70929,
2024,Observed,70929,0,70929,
2024,Observed,70929,0,70929,
2025,Observed,107312,0,107312,34
2025,Observed,107312,0,107312,34
2025,Observed,107312,0,107312,34
2025,Observed,107312,0,107312,34
2026,Half,175451,514363,689814,191
2026,Current pace,175451,514363,689814,206
2026,Three-quarters,175451,514363,689814,203
2026,All preliminary approvals,175451,514363,689814,214
2027,Half,0,1786911,1786911,284
2027,Current pace,0,2048375,2048375,345
2027,Three-quarters,0,1995317,1995317,341
2027,All preliminary approvals,0,2203723,2203723,399
2028,Half,0,2487033,2487033,376
2028,Current pace,0,3020692,3020692,454
2028,Three-quarters,0,3045499,3045499,480
2028,All preliminary approvals,0,3603965,3603965,584
2029,Half,0,3055839,3055839,399
2029,Current pace,0,3651343,3651343,478
2029,Three-quarters,0,3898708,3898708,515
2029,All preliminary approvals,0,4741578,4741578,631
