Month,Observed licensed cultivation sites,Observed plants harvested,Sites: All preliminary approvals,Sites: Three-quarters,Sites: Current pace,Sites: Half,Plants harvested: All preliminary approvals,Plants harvested: Three-quarters,Plants harvested: Current pace,Plants harvested: Half,Harvest basis
2024-01,,4354.0,,,,,,,,,observed
2024-02,,4021.0,,,,,,,,,observed
2024-03,,3795.0,,,,,,,,,observed
2024-04,,3853.0,,,,,,,,,observed
2024-05,,4970.0,,,,,,,,,observed
2024-06,,5080.0,,,,,,,,,observed
2024-07,,7515.0,,,,,,,,,observed
2024-08,,4775.0,,,,,,,,,observed
2024-09,,12220.0,,,,,,,,,observed
2024-10,,4855.0,,,,,,,,,observed
2024-11,,5928.0,,,,,,,,,observed
2024-12,,9563.0,,,,,,,,,observed
2025-01,,6312.0,,,,,,,,,observed
2025-02,,8800.0,,,,,,,,,observed
2025-03,,7171.0,,,,,,,,,observed
2025-04,,9079.0,,,,,,,,,observed
2025-05,,6531.0,,,,,,,,,observed
2025-06,1.0,10547.0,,,,,,,,,observed
2025-07,4.0,6978.0,,,,,,,,,observed
2025-08,8.0,7614.0,,,,,,,,,observed
2025-09,12.0,10610.0,,,,,,,,,observed
2025-10,20.0,10084.0,,,,,,,,,observed
2025-11,25.0,10029.0,,,,,,,,,observed
2025-12,34.0,13557.0,,,,,,,,,observed
2026-01,39.0,17819.0,,,,,,,,,observed
2026-02,42.0,13238.0,,,,,,,,,observed
2026-03,50.0,19557.0,,,,,,,,,observed
2026-04,57.0,17503.0,,,,,,,,,observed
2026-05,63.0,16594.0,,,,,,,,,observed
2026-06,79.0,23858.0,,,,,,,,,observed
2026-07,108.0,21047.0,,,,,,,,,observed
2026-08,158.0,45835.0,,,,,,,,,observed
2026-09,168,,168,168,168,168,52251,52251,52251,52251,published plant starts
2026-10,,,183.4,179.6,180.8,175.7,83025,83025,83025,83025,published plant starts
2026-11,,,198.8,191.1,193.6,183.4,164934,164934,164934,164934,published plant starts
2026-12,,,214.3,202.7,206.3,191.1,214152,214152,214152,214152,published plant starts
2027-01,,,229.7,214.3,219.1,198.8,74345,74345,74345,74345,projected starts
2027-02,,,245.1,225.8,231.9,206.6,80413,78896,79375,77379,projected starts
2027-03,,,260.5,237.4,244.7,214.3,86481,83447,84404,80413,projected starts
2027-04,,,276.0,249.0,257.5,222.0,92548,87998,89433,83447,projected starts
2027-05,,,291.4,260.5,270.3,229.7,112806,105786,108000,98765,projected starts
2027-06,,,306.8,272.1,282.0,237.4,101543,94205,96520,86868,projected starts
2027-07,,,322.2,283.7,292.6,245.1,83941,77220,79340,70499,projected starts
2027-08,,,337.6,295.2,303.2,252.8,131705,119630,123439,107556,projected starts
2027-09,,,353.1,306.8,313.7,260.5,217881,195690,202690,173499,projected starts
2027-10,,,368.5,318.4,324.3,268.2,297440,264732,274108,232023,projected starts
2027-11,,,383.9,329.9,334.8,276.0,481177,424589,437712,368001,projected starts
2027-12,,,399.3,341.5,345.4,283.7,443443,388780,399007,334116,projected starts
2028-01,,,414.7,353.1,356.0,291.4,147158,128955,131681,110752,projected starts
2028-02,,,430.2,364.6,366.5,299.1,153225,133505,135836,113785,projected starts
2028-03,,,445.6,376.2,377.1,306.8,159293,138056,139991,116819,projected starts
2028-04,,,461.0,387.8,387.6,314.5,165361,142607,144146,119853,projected starts
2028-05,,,476.4,399.3,397.3,322.2,197051,168970,170292,140888,projected starts
2028-06,,,491.9,410.9,405.4,329.9,171984,147036,147759,122088,projected starts
2028-07,,,507.3,422.5,413.6,337.6,137709,117546,117806,97383,projected starts
2028-08,,,522.7,434.0,421.7,345.3,214499,181727,181676,148954,projected starts
2028-09,,,538.1,445.6,429.8,353.1,351027,295549,294105,240072,projected starts
2028-10,,,553.5,457.2,437.9,360.8,471884,395564,390420,319245,projected starts
2028-11,,,569.0,468.7,446.0,368.5,752798,628305,615230,503812,projected starts
2028-12,,,584.4,480.3,454.1,376.2,681976,567679,551750,453382,projected starts
2029-01,,,599.8,491.9,462.2,383.9,219970,183564,177344,147158,projected starts
2029-02,,,615.2,503.4,470.4,391.6,226038,188115,180537,150192,projected starts
2029-03,,,630.7,515.0,478.5,399.3,232105,192665,183730,153225,projected starts
2029-04,,,630.7,515.0,478.5,399.3,238173,197216,186924,156259,projected starts
2029-05,,,630.7,515.0,478.5,399.3,281297,232154,218674,183011,projected starts
2029-06,,,630.7,515.0,478.5,399.3,242425,199867,187283,157309,projected starts
2029-07,,,630.7,515.0,478.5,399.3,191478,157873,147265,124267,projected starts
2029-08,,,630.7,515.0,478.5,399.3,290395,238648,222313,186901,projected starts
2029-09,,,630.7,515.0,478.5,399.3,461982,378765,352497,295549,projected starts
2029-10,,,630.7,515.0,478.5,399.3,602716,493689,459273,384662,projected starts
2029-11,,,630.7,515.0,478.5,399.3,933878,764115,710527,594352,projected starts
2029-12,,,630.7,515.0,478.5,399.3,821121,672038,624977,522954,projected starts
