Month,"Projected 12-month flower ounces, adult-use + medical (OCM card)","Projected 12-month flower ounces, adult-use only","Legal flower sold per adult, 12-month average, adult-use + medical (g/month)","Legal flower sold per adult, 12-month average, adult-use only (g/month)",Michigan month matched (adult-use + medical),"Scenario price, adult-use + medical measure ($/g, Aug 2026 $)",Michigan month matched (adult-use only),"Scenario price, adult-use-only measure ($/g, Aug 2026 $)",Lowest price across sensitivity tests,Highest price across sensitivity tests,Trailing 12-month proxy: volume-weighted average of scenario price,Trailing 12-month proxy: volume-weighted median of monthly scenario prices
2025-08,,,0.154,0.051,,,,,,,,
2025-09,,,0.156,0.054,,,,,,,,
2025-10,,,0.156,0.054,,,,,,,,
2025-11,,,0.158,0.056,,,,,,,,
2025-12,,,0.161,0.059,,,,,,,,
2026-01,,,0.164,0.061,,,,,,,,
2026-02,,,0.168,0.066,,,,,,,,
2026-03,,,0.173,0.07,,,,,,,,
2026-04,,,0.178,0.076,,,,,,,,
2026-05,,,0.184,0.082,,,,,,,,
2026-06,,,0.19,0.088,,,,,,,,
2026-07,357129,172269,0.197,0.095,hold,14.59,hold,14.59,14.59,14.59,14.59,14.59
2026-08,378821,193961,0.209,0.107,hold,14.59,hold,14.59,14.59,14.6,14.59,14.59
2026-09,405095,220235,0.224,0.122,hold,14.59,hold,14.59,14.59,14.6,14.59,14.59
2026-10,439816,254956,0.243,0.141,hold,14.59,hold,14.59,14.45,14.59,14.59,14.59
2026-11,488028,303168,0.27,0.168,hold,14.59,hold,14.59,13.14,14.59,14.59,14.59
2026-12,565213,380353,0.312,0.21,hold,14.59,2020-12,13.14,11.84,14.59,14.59,14.59
2027-01,652652,467792,0.361,0.259,hold,14.59,2021-02,11.84,9.64,14.6,14.59,14.59
2027-02,747869,563009,0.413,0.311,hold,14.59,2021-03,10.67,9.13,14.61,14.59,14.59
2027-03,854819,669959,0.473,0.37,2020-12,13.14,2021-04,9.61,8.66,14.59,14.32,14.59
2027-04,971001,786141,0.537,0.435,2021-02,11.84,2021-05,8.66,7.79,14.59,13.89,14.59
2027-05,1098977,914117,0.608,0.505,2021-03,10.67,2021-06,7.81,7.32,14.59,13.36,14.59
2027-06,1242220,1057360,0.687,0.585,2021-04,9.61,2021-07,7.55,6.97,13.23,12.74,13.14
2027-07,1396207,1211347,0.772,0.67,2021-05,8.66,2021-09,7.03,6.5,11.92,12.1,11.84
2027-08,1557933,1373073,0.861,0.759,2021-07,7.81,2021-10,6.97,5.85,11.42,11.45,11.84
2027-09,1731899,1547039,0.957,0.855,2021-08,7.69,2021-11,6.5,5.35,11.64,10.87,10.67
2027-10,1928064,1743204,1.066,0.964,2021-10,6.97,2022-01,5.85,4.82,10.55,10.24,9.61
2027-11,2148044,1963184,1.187,1.085,2021-11,6.5,2022-02,5.35,4.34,9.83,9.59,8.66
2027-12,2390038,2205178,1.321,1.219,2022-01,5.85,2022-04,4.82,3.91,8.86,8.83,7.81
2028-01,2632262,2447402,1.455,1.353,2022-02,5.35,2022-05,4.34,3.74,8.3,8.11,7.69
2028-02,2875812,2690952,1.59,1.488,2022-04,4.82,2022-06,3.91,3.51,7.88,7.42,6.97
2028-03,3118312,2933452,1.724,1.622,2022-05,4.34,2022-07,3.88,3.27,7.49,6.8,6.5
2028-04,3360100,3175240,1.857,1.755,2022-06,3.91,2022-08,3.74,3.04,7.11,6.24,5.85
2028-05,3599436,3414576,1.99,1.888,2022-07,3.88,2022-09,3.51,2.91,6.76,5.78,5.35
2028-06,3833933,3649073,2.119,2.017,2022-08,3.74,2022-10,3.27,2.91,6.5,5.38,4.82
2028-07,4065231,3880371,2.247,2.145,2022-09,3.51,2022-10,3.27,2.62,6.28,5.03,4.34
2028-08,4293478,4108618,2.373,2.271,2022-10,3.27,2022-11,3.04,2.62,5.79,4.72,4.34
2028-09,4516086,4331226,2.496,2.394,2022-10,3.27,2022-12,2.91,2.72,5.5,4.43,3.91
2028-10,4727257,4542397,2.613,2.511,2022-11,3.04,2022-12,2.91,2.62,5.35,4.16,3.88
2028-11,4923986,4739126,2.722,2.62,2022-12,2.91,2022-12,2.91,2.62,6.29,3.9,3.74
2028-12,5103544,4918684,2.821,2.719,2022-12,2.91,2023-01,2.62,2.55,5.67,3.67,3.51
2029-01,5281331,5096471,2.919,2.817,2022-12,2.91,2023-01,2.55,2.52,5.11,3.48,3.27
2029-02,5456692,5271832,3.016,2.914,2023-01,2.62,2023-02,2.72,2.55,4.6,3.3,3.27
2029-03,5629608,5444748,3.112,3.01,2023-01,2.55,2023-02,2.72,2.52,4.23,3.16,3.04
2029-04,5800063,5615203,3.206,3.104,2023-02,2.72,2023-02,2.72,2.55,4.23,3.06,2.91
2029-05,5968037,5783177,3.299,3.197,2023-02,2.72,2023-03,2.73,2.55,4.14,2.98,2.91
2029-06,6133130,5948270,3.39,3.288,2023-02,2.72,2023-03,2.73,2.55,4.14,2.9,2.91
2029-07,6295755,6110895,3.48,3.378,2023-03,2.73,2023-03,2.73,2.55,4.14,2.84,2.73
2029-08,6456481,6271621,3.569,3.467,2023-03,2.73,2023-04,2.75,2.55,4.15,2.81,2.73
2029-09,6613613,6428753,3.656,3.554,2023-03,2.73,2023-04,2.75,2.55,4.15,2.77,2.73
2029-10,6763938,6579078,3.739,3.637,2023-04,2.75,2023-04,2.75,2.55,4.15,2.75,2.73
2029-11,6904405,6719545,3.817,3.715,2023-04,2.75,2023-05,2.83,2.55,4.28,2.74,2.73
2029-12,7028745,6843885,3.885,3.783,2023-04,2.75,2023-05,2.83,2.5,4.28,2.72,2.73
