Month,Minnesota months since launch,"Minnesota published (Price of an eighth, with tax (August 2026 dollars))",If Minnesota follows Michigan,If Minnesota follows Massachusetts,If Minnesota follows Illinois,Michigan source month,Massachusetts source month,Illinois source month,Range low,Range high
2025-09,0,,81.37,62.77,75.38,,,,,
2025-10,1,,80.39,63.26,76.9,,,,,
2025-11,2,,77.44,64.54,74.19,,,,,
2025-12,3,59.8,74.11,64.41,78.4,,,,,
2026-01,4,,65.78,63.78,74.84,,,,,
2026-02,5,,64.98,63.5,69.26,,,,,
2026-03,6,,63.0,62.91,70.34,,,,,
2026-04,7,,63.03,62.81,68.99,,,,,
2026-05,8,,62.38,62.21,69.03,,,,,
2026-06,9,,62.46,61.9,63.91,,,,,
2026-07,10,62.23,62.23,62.23,62.23,2020-10,2019-09,2020-11,62.23,62.23
2026-08,11,61.86,58.69,63.47,61.99,2020-11,2019-10,2020-12,58.69,63.47
2026-09,12,,54.69,63.18,61.67,2020-12,2019-11,2021-01,54.69,63.18
2026-10,13,,50.22,63.56,60.6,2021-01,2019-12,2021-02,50.22,63.56
2026-11,14,,41.13,63.57,59.03,2021-02,2020-01,2021-03,41.13,63.57
2026-12,15,,38.96,62.9,60.06,2021-03,2020-02,2021-04,38.96,62.9
2027-01,16,,37.3,62.45,60.96,2021-04,2020-03,2021-05,37.3,62.45
2027-02,17,,33.22,,60.94,2021-05,2020-04,2021-06,33.22,60.94
2027-03,18,,31.2,62.81,59.97,2021-06,2020-05,2021-07,31.2,62.81
2027-04,19,,32.21,62.21,62.02,2021-07,2020-06,2021-08,32.21,62.21
2027-05,20,,32.81,61.9,60.48,2021-08,2020-07,2021-09,32.81,61.9
2027-06,21,,30.0,61.88,59.0,2021-09,2020-08,2021-10,30.0,61.88
2027-07,22,,29.75,61.53,56.7,2021-10,2020-09,2021-11,29.75,61.53
2027-08,23,,27.72,61.78,55.08,2021-11,2020-10,2021-12,27.72,61.78
2027-09,24,,26.8,61.59,53.46,2021-12,2020-11,2022-01,26.8,61.59
2027-10,25,,21.97,60.87,52.53,2022-01,2020-12,2022-02,21.97,60.87
2027-11,26,,22.82,60.81,52.35,2022-02,2021-01,2022-03,22.82,60.81
2027-12,27,,26.84,60.45,51.99,2022-03,2021-02,2022-04,26.84,60.45
2028-01,28,,18.66,59.98,51.11,2022-04,2021-03,2022-05,18.66,59.98
2028-02,29,,18.03,58.64,49.06,2022-05,2021-04,2022-06,18.03,58.64
2028-03,30,,16.63,58.07,49.07,2022-06,2021-05,2022-07,16.63,58.07
2028-04,31,,16.55,57.18,47.95,2022-07,2021-06,2022-08,16.55,57.18
2028-05,32,,15.94,56.65,47.04,2022-08,2021-07,2022-09,15.94,56.65
2028-06,33,,14.95,55.98,46.33,2022-09,2021-08,2022-10,14.95,55.98
2028-07,34,,13.95,55.24,46.15,2022-10,2021-09,2022-11,13.95,55.24
2028-08,35,,12.95,54.15,44.48,2022-11,2021-10,2022-12,12.95,54.15
2028-09,36,,12.4,53.24,44.13,2022-12,2021-11,2023-01,12.4,53.24
2028-10,37,,10.88,51.37,43.17,2023-01,2021-12,2023-02,10.88,51.37
2028-11,38,,11.61,50.14,41.27,2023-02,2022-01,2023-03,11.61,50.14
2028-12,39,,11.66,48.56,39.42,2023-03,2022-02,2023-04,11.66,48.56
2029-01,40,,11.71,46.4,38.86,2023-04,2022-03,2023-05,11.71,46.4
2029-02,41,,12.07,43.62,38.1,2023-05,2022-04,2023-06,12.07,43.62
2029-03,42,,11.84,41.91,37.34,2023-06,2022-05,2023-07,11.84,41.91
2029-04,43,,13.04,39.59,36.36,2023-07,2022-06,2023-08,13.04,39.59
2029-05,44,,12.43,38.1,36.32,2023-08,2022-07,2023-09,12.43,38.1
2029-06,45,,13.21,36.53,35.79,2023-09,2022-08,2023-10,13.21,36.53
2029-07,46,,12.89,34.38,35.25,2023-10,2022-09,2023-11,12.89,35.25
