month,cpi
2014-01,222.247
2014-02,223.493
2014-03,225.485
2014-04,226.214
2014-05,226.565
2014-06,227.588
2014-07,226.997
2014-08,226.587
2014-09,226.913
2014-10,225.793
2014-11,224.396
2014-12,222.821
2015-01,221.545
2015-02,222.301
2015-03,223.550
2015-04,223.797
2015-05,224.732
2015-06,225.946
2015-07,225.853
2015-08,225.830
2015-09,225.184
2015-10,225.050
2015-11,224.009
2015-12,222.722
2016-01,223.301
2016-02,223.196
2016-03,224.621
2016-04,225.609
2016-05,226.476
2016-06,227.835
2016-07,226.786
2016-08,227.097
2016-09,227.636
2016-10,227.358
2016-11,226.673
2016-12,226.794
2017-01,228.279
2017-02,228.633
2017-03,228.824
2017-04,229.682
2017-05,229.705
2017-06,229.780
2017-07,229.820
2017-08,230.443
2017-09,231.030
2017-10,230.660
2017-11,231.084
2017-12,230.548
2018-01,232.028
2018-02,232.512
2018-03,232.931
2018-04,233.913
2018-05,235.065
2018-06,235.455
2018-07,235.346
2018-08,235.276
2018-09,235.524
2018-10,235.680
2018-11,234.292
2018-12,233.458
2019-01,233.837
2019-02,235.444
2019-03,236.793
2019-04,237.510
2019-05,238.219
2019-06,238.288
2019-07,238.760
2019-08,238.786
2019-09,238.847
2019-10,239.243
2019-11,238.850
2019-12,238.734
2020-01,239.690
2020-02,240.421
2020-03,239.163
2020-04,236.474
2020-05,237.291
2020-06,239.259
2020-07,240.430
2020-08,241.362
2020-09,241.878
2020-10,241.740
2020-11,241.316
2020-12,241.453
2021-01,242.552
2021-02,244.477
2021-03,246.246
2021-04,248.169
2021-05,250.582
2021-06,253.042
2021-07,254.671
2021-08,255.142
2021-09,255.709
2021-10,257.793
2021-11,258.911
2021-12,259.609
2022-01,261.657
2022-02,263.988
2022-03,267.312
2022-04,268.639
2022-05,272.673
2022-06,277.072
2022-07,276.525
2022-08,275.875
2022-09,276.549
2022-10,276.908
2022-11,276.436
2022-12,275.182
2023-01,277.332
2023-02,278.672
2023-03,280.330
2023-04,281.927
2023-05,282.656
2023-06,283.741
2023-07,284.640
2023-08,285.122
2023-09,285.276
2023-10,284.981
2023-11,284.539
2023-12,283.908
2024-01,284.731
2024-02,286.346
2024-03,288.301
2024-04,289.718
2024-05,290.355
2024-06,290.779
2024-07,292.256
2024-08,292.559
2024-09,292.547
2024-10,292.291
2024-11,292.022
2024-12,292.533
2025-01,294.404
2025-02,295.232
2025-03,296.227
2025-04,296.688
2025-05,297.342
2025-06,299.529
2025-07,299.836
2025-08,300.753
2025-09,301.579
2025-10,
2025-11,300.771
2025-12,300.404
2026-01,301.591
2026-02,303.490
2026-03,306.366
2026-04,308.889
2026-05,312.352
2026-06,310.937
2026-07,310.304
2026-08,311.627
