state,period,months_since_launch,nominal_usd_per_g,real_usd_per_g_2026-08,index_m0to2_eq_100
MA,2018-11,0,14.17,18.8472,98.82
MA,2018-12,1,14.23,18.9946,99.59
MA,2019-01,2,14.54,19.377,101.59
MA,2019-02,3,14.61,19.3374,101.39
MA,2019-03,4,14.55,19.1483,100.39
MA,2019-04,5,14.53,19.0642,99.95
MA,2019-05,6,14.44,18.8897,99.04
MA,2019-06,7,14.42,18.8581,98.87
MA,2019-07,8,14.31,18.6773,97.93
MA,2019-08,9,14.24,18.5839,97.44
MA,2019-09,10,14.32,18.6835,97.96
MA,2019-10,11,14.63,19.0564,99.91
MA,2019-11,12,14.54,18.9703,99.46
MA,2019-12,13,14.62,19.0839,100.06
MA,2020-01,14,14.68,19.0858,100.07
MA,2020-02,15,14.57,18.8852,99.02
MA,2020-03,16,14.39,18.75,98.31
MA,2020-05,18,14.36,18.8585,98.88
MA,2020-06,19,14.34,18.6774,97.93
MA,2020-07,20,14.34,18.5864,97.45
MA,2020-08,21,14.39,18.5792,97.41
MA,2020-09,22,14.34,18.4751,96.87
MA,2020-10,23,14.39,18.5501,97.26
MA,2020-11,24,14.32,18.4923,96.96
MA,2020-12,25,14.16,18.2754,95.82
MA,2021-01,26,14.21,18.2568,95.72
MA,2021-02,27,14.24,18.1513,95.17
MA,2021-03,28,14.23,18.0082,94.42
MA,2021-04,29,14.02,17.605,92.3
MA,2021-05,30,14.02,17.4355,91.41
MA,2021-06,31,13.94,17.1674,90.01
MA,2021-07,32,13.9,17.0087,89.18
MA,2021-08,33,13.76,16.8063,88.12
MA,2021-09,34,13.61,16.5862,86.96
MA,2021-10,35,13.45,16.2587,85.24
MA,2021-11,36,13.28,15.9839,83.8
MA,2021-12,37,12.85,15.4248,80.87
MA,2022-01,38,12.64,15.0539,78.93
MA,2022-02,39,12.35,14.5787,76.44
MA,2022-03,40,11.95,13.9311,73.04
MA,2022-04,41,11.29,13.0966,68.67
MA,2022-05,42,11.01,12.5829,65.97
MA,2022-06,43,10.57,11.8882,62.33
MA,2022-07,44,10.15,11.4384,59.97
MA,2022-08,45,9.71,10.9684,57.51
MA,2022-09,46,9.16,10.3219,54.12
MA,2022-10,47,7.61,8.5641,44.9
MA,2022-11,48,8.04,9.0635,47.52
MA,2022-12,49,7.61,8.6179,45.18
MA,2023-01,50,7.06,7.933,41.59
MA,2023-02,51,6.09,6.8102,35.71
MA,2023-03,52,6.58,7.3146,38.35
MA,2023-04,53,5.97,6.5989,34.6
MA,2023-05,54,5.98,6.5929,34.57
MA,2023-06,55,5.75,6.3151,33.11
MA,2023-07,56,6.2,6.7878,35.59
MA,2023-08,57,5.95,6.5031,34.1
MA,2023-09,58,5.89,6.4341,33.73
MA,2023-10,59,5.64,6.1673,32.34
MA,2023-11,60,5.59,6.1222,32.1
MA,2023-12,61,5.66,6.2126,32.57
MA,2024-01,62,5.65,6.1837,32.42
MA,2024-02,63,5.28,5.7462,30.13
MA,2024-03,64,5.31,5.7396,30.09
MA,2024-04,65,5.31,5.7116,29.95
MA,2024-05,66,5.28,5.6668,29.71
MA,2024-06,67,5.05,5.4121,28.38
MA,2024-07,68,5.01,5.3421,28.01
MA,2024-08,69,4.91,5.23,27.42
MA,2024-09,70,4.85,5.1663,27.09
MA,2024-10,71,4.77,5.0856,26.66
MA,2024-11,72,4.56,4.8661,25.51
MA,2024-12,73,4.45,4.7405,24.85
MA,2025-01,74,4.42,4.6786,24.53
MA,2025-02,75,4.32,4.5599,23.91
MA,2025-03,76,4.28,4.5025,23.61
MA,2025-04,77,4.15,4.359,22.85
MA,2025-05,78,4.21,4.4123,23.13
MA,2025-06,79,4.2,4.3696,22.91
MA,2025-07,80,4.14,4.3028,22.56
MA,2025-08,81,4.13,4.2793,22.44
MA,2025-09,82,4.09,4.2263,22.16
MA,2025-10,83,4.08,4.2216,22.13
MA,2025-11,84,4.01,4.1547,21.78
MA,2025-12,85,4.01,4.1598,21.81
MA,2026-01,86,4.05,4.1848,21.94
MA,2026-02,87,4.04,4.1483,21.75
MA,2026-03,88,4.03,4.0992,21.49
MA,2026-04,89,3.89,3.9245,20.58
MA,2026-05,90,3.89,3.881,20.35
MA,2026-06,91,3.87,3.8786,20.34
MA,2026-07,92,3.83,3.8463,20.17
MA,2026-08,93,3.81,3.81,19.98
MI,2019-12,0,18.2088,23.7685,102.05
MI,2020-01,1,18.062,23.4829,100.82
MI,2020-02,2,17.4525,22.6214,97.13
MI,2020-03,3,16.6137,21.6475,92.94
MI,2020-04,4,14.5798,19.2133,82.49
MI,2020-05,5,14.4539,18.9818,81.5
MI,2020-06,6,14.1279,18.4012,79.01
MI,2020-07,7,14.2055,18.4121,79.05
MI,2020-08,8,14.1131,18.2217,78.24
MI,2020-09,9,14.16,18.2433,78.33
MI,2020-10,10,14.1004,18.1768,78.04
MI,2020-11,11,13.2754,17.1433,73.61
MI,2020-12,12,12.3769,15.9741,68.58
MI,2021-01,13,11.4175,14.669,62.98
MI,2021-02,14,9.4252,12.014,51.58
MI,2021-03,15,8.9917,11.3791,48.86
MI,2021-04,16,8.677,10.8958,46.78
MI,2021-05,17,7.803,9.7039,41.66
MI,2021-06,18,7.4012,9.1147,39.13
MI,2021-07,19,7.689,9.4086,40.4
MI,2021-08,20,7.8456,9.5826,41.14
MI,2021-09,21,7.1902,8.7626,37.62
MI,2021-10,22,7.1892,8.6905,37.31
MI,2021-11,23,6.7271,8.0968,34.76
MI,2021-12,24,6.5222,7.829,33.61
MI,2022-01,25,5.3877,6.4167,27.55
MI,2022-02,26,5.6474,6.6665,28.62
MI,2022-03,27,6.725,7.8398,33.66
MI,2022-04,28,4.6981,5.4499,23.4
MI,2022-05,29,4.6075,5.2657,22.61
MI,2022-06,30,4.3186,4.8572,20.85
MI,2022-07,31,4.2886,4.833,20.75
MI,2022-08,32,4.1214,4.6555,19.99
MI,2022-09,33,3.8759,4.3675,18.75
MI,2022-10,34,3.6209,4.0749,17.5
MI,2022-11,35,3.3553,3.7824,16.24
MI,2022-12,36,3.1986,3.6223,15.55
MI,2023-01,37,2.8276,3.1772,13.64
MI,2023-02,38,3.0336,3.3923,14.56
MI,2023-03,39,3.0642,3.4064,14.63
MI,2023-04,40,3.0956,3.4218,14.69
MI,2023-05,41,3.1972,3.5249,15.13
MI,2023-06,42,3.1489,3.4584,14.85
MI,2023-07,43,3.4798,3.8097,16.36
MI,2023-08,44,3.3214,3.6302,15.59
MI,2023-09,45,3.5323,3.8586,16.57
MI,2023-10,46,3.4434,3.7654,16.17
MI,2023-11,47,3.4396,3.767,16.17
MI,2023-12,48,3.3538,3.6813,15.81
MI,2024-01,49,3.2875,3.5981,15.45
MI,2024-02,50,3.2431,3.5294,15.15
MI,2024-03,51,3.1993,3.4582,14.85
MI,2024-04,52,3.0551,3.2861,14.11
MI,2024-05,53,3.1094,3.3372,14.33
MI,2024-06,54,3.0293,3.2465,13.94
MI,2024-07,55,2.8113,2.9977,12.87
MI,2024-08,56,2.8269,3.0111,12.93
MI,2024-09,57,2.7754,2.9564,12.69
MI,2024-10,58,2.6099,2.7826,11.95
MI,2024-11,59,2.5323,2.7023,11.6
MI,2024-12,60,2.441,2.6003,11.16
MI,2025-01,61,2.3457,2.4829,10.66
MI,2025-02,62,2.3002,2.428,10.42
MI,2025-03,63,2.2977,2.4172,10.38
MI,2025-04,64,2.1951,2.3056,9.9
MI,2025-05,65,2.2283,2.3353,10.03
MI,2025-06,66,2.2191,2.3087,9.91
MI,2025-07,67,2.1976,2.284,9.81
MI,2025-08,68,2.1796,2.2584,9.7
MI,2025-09,69,2.2279,2.3021,9.88
MI,2025-10,70,2.1838,2.2596,9.7
MI,2025-11,71,2.109,2.1852,9.38
MI,2025-12,72,2.0537,2.1304,9.15
MI,2026-01,73,2.0836,2.153,9.24
MI,2026-02,74,2.1115,2.1681,9.31
MI,2026-03,75,2.1753,2.2127,9.5
MI,2026-04,76,2.0829,2.1014,9.02
MI,2026-05,77,2.1069,2.102,9.03
MI,2026-06,78,2.0522,2.0568,8.83
MI,2026-07,79,2.0794,2.0883,8.97
MI,2026-08,80,2.1281,2.1281,9.14
IL,2020-01,0,17.0567,22.1758,99.86
IL,2020-02,1,17.4519,22.6207,101.86
IL,2020-03,2,16.749,21.8238,98.28
IL,2020-04,3,17.5,23.0617,103.85
IL,2020-05,4,16.7652,22.0172,99.15
IL,2020-06,5,15.6438,20.3755,91.75
IL,2020-07,6,15.964,20.6913,93.18
IL,2020-08,7,15.7182,20.294,91.39
IL,2020-09,8,15.7614,20.3065,91.44
IL,2020-10,9,14.5844,18.8008,84.66
IL,2020-11,10,14.1753,18.3055,82.43
IL,2020-12,11,14.13,18.2366,82.12
IL,2021-01,12,14.1211,18.1426,81.7
IL,2021-02,13,13.9844,17.8254,80.27
IL,2021-03,14,13.7225,17.3659,78.2
IL,2021-04,15,14.07,17.6677,79.56
IL,2021-05,16,14.4198,17.9327,80.75
IL,2021-06,17,14.5563,17.9264,80.72
IL,2021-07,18,14.4163,17.6405,79.44
IL,2021-08,19,14.9365,18.2433,82.15
IL,2021-09,20,14.5994,17.792,80.12
IL,2021-10,21,14.3572,17.3554,78.15
IL,2021-11,22,13.8568,16.6782,75.1
IL,2021-12,23,13.4972,16.2016,72.96
IL,2022-01,24,13.2039,15.7255,70.81
IL,2022-02,25,13.0915,15.454,69.59
IL,2022-03,26,13.2094,15.3993,69.34
IL,2022-04,27,13.185,15.2949,68.87
IL,2022-05,28,13.156,15.0355,67.71
IL,2022-06,29,12.8331,14.4335,65.0
IL,2022-07,30,12.8083,14.4342,65.0
IL,2022-08,31,12.487,14.1053,63.52
IL,2022-09,32,12.2793,13.8368,62.31
IL,2022-10,33,12.1108,13.6292,61.37
IL,2022-11,34,12.0424,13.5754,61.13
IL,2022-12,35,11.5541,13.0843,58.92
IL,2023-01,36,11.5541,12.9829,58.46
IL,2023-02,37,11.3552,12.698,57.18
IL,2023-03,38,10.9218,12.1412,54.67
IL,2023-04,39,10.49,11.5951,52.21
IL,2023-05,40,10.37,11.4329,51.48
IL,2023-06,41,10.2039,11.2068,50.47
IL,2023-07,42,10.0328,10.984,49.46
IL,2023-08,43,9.7851,10.6947,48.16
IL,2023-09,44,9.78,10.6834,48.11
IL,2023-10,45,9.6277,10.5278,47.41
IL,2023-11,46,9.4684,10.3698,46.7
IL,2023-12,47,9.8405,10.8012,48.64
IL,2024-01,48,9.1771,10.0439,45.23
IL,2024-02,49,9.4058,10.2362,46.1
IL,2024-03,50,9.2038,9.9485,44.8
IL,2024-04,51,9.16,9.8527,44.37
IL,2024-05,52,9.29,9.9706,44.9
IL,2024-06,53,9.2,9.8596,44.4
IL,2024-07,54,9.0428,9.6421,43.42
IL,2024-08,55,8.81,9.3842,42.26
IL,2024-09,56,8.7669,9.3387,42.05
IL,2024-10,57,8.67,9.2435,41.62
IL,2024-11,58,8.63,9.2094,41.47
IL,2024-12,59,8.6144,9.1766,41.32
IL,2025-01,60,8.51,9.0078,40.56
IL,2025-02,61,8.4,8.8665,39.93
IL,2025-03,62,8.32,8.7525,39.41
IL,2025-04,63,8.0893,8.4966,38.26
IL,2025-05,64,8.14,8.5311,38.42
CT,2023-01,0,12.32,13.8435,107.97
CT,2023-02,1,11.73,13.1172,102.3
CT,2023-03,2,10.35,11.5055,89.73
CT,2023-04,3,9.88,10.9208,85.17
CT,2023-05,4,9.77,10.7714,84.01
CT,2023-06,5,9.88,10.851,84.63
CT,2023-07,6,9.7,10.6197,82.82
CT,2023-08,7,9.51,10.3941,81.06
CT,2023-09,8,9.68,10.5741,82.47
CT,2023-10,9,9.76,10.6726,83.24
CT,2023-11,10,11.05,12.102,94.38
CT,2023-12,11,11.51,12.6338,98.53
CT,2024-01,12,11.93,13.0569,101.83
CT,2024-02,13,12.28,13.3642,104.23
CT,2024-03,14,12.51,13.5222,105.46
CT,2024-04,15,12.11,13.0258,101.59
CT,2024-05,16,12.22,13.1153,102.29
CT,2024-06,17,12.16,13.0318,101.64
CT,2024-07,18,12.16,12.966,101.12
CT,2024-08,19,11.61,12.3667,96.45
CT,2024-09,20,11.36,12.1009,94.38
CT,2024-10,21,11.21,11.9516,93.21
CT,2024-11,22,10.86,11.5891,90.38
CT,2024-12,23,10.62,11.3132,88.23
CT,2025-01,24,10.57,11.1884,87.26
CT,2025-02,25,10.58,11.1675,87.1
CT,2025-03,26,10.27,10.8039,84.26
CT,2025-04,27,10.03,10.535,82.16
CT,2025-05,28,9.98,10.4595,81.57
CT,2025-06,29,9.46,9.8421,76.76
CT,2025-07,30,8.89,9.2396,72.06
CT,2025-08,31,8.89,9.2114,71.84
CT,2025-09,32,8.68,8.9692,69.95
CT,2025-10,33,8.43,8.7226,68.03
CT,2025-11,34,7.94,8.2266,64.16
CT,2025-12,35,7.69,7.9773,62.22
CT,2026-01,36,7.63,7.8839,61.49
CT,2026-02,37,7.44,7.6395,59.58
CT,2026-03,38,7.22,7.344,57.28
CT,2026-04,39,7.09,7.1528,55.79
CT,2026-05,40,7.18,7.1633,55.87
CT,2026-06,41,7.01,7.0256,54.79
CT,2026-07,42,6.88,6.9093,53.89
CT,2026-08,43,6.61,6.61,51.55
OH,2024-08,0,10.1059,10.7645,110.2
OH,2024-09,1,9.1603,9.7578,99.89
OH,2024-10,2,8.2379,8.7829,89.91
OH,2024-11,3,7.7605,8.2815,84.78
OH,2024-12,4,7.4276,7.9124,81.0
OH,2025-01,5,6.9954,7.4047,75.8
OH,2025-02,6,6.9102,7.294,74.67
OH,2025-03,7,7.0585,7.4255,76.02
OH,2025-04,8,6.7497,7.0896,72.58
OH,2025-05,9,6.7364,7.0601,72.27
OH,2025-06,10,6.7377,7.0098,71.76
OH,2025-07,11,6.6459,6.9072,70.71
OH,2025-08,12,6.5521,6.789,69.5
OH,2025-09,13,6.5115,6.7284,68.88
OH,2025-10,14,6.434,6.6573,68.15
OH,2025-11,15,6.2604,6.4863,66.4
OH,2025-12,16,6.2889,6.5239,66.79
OH,2026-01,17,6.3216,6.532,66.87
OH,2026-02,18,6.3073,6.4764,66.3
OH,2026-03,19,6.2972,6.4054,65.57
OH,2026-04,20,6.2144,6.2695,64.18
OH,2026-05,21,6.4078,6.3929,65.44
OH,2026-06,22,6.9245,6.9398,71.04
OH,2026-07,23,6.679,6.7074,68.66
OH,2026-08,24,6.6256,6.6256,67.83
MN,2025-12,3,13.54,14.0189,100.0
MN,2026-07,10,14.29,14.5881,104.06
