Assumption,Test,Combined: hold ends (reaches the anchoring point),Combined: 2027-07 ($/g),Combined: 2028-01 ($/g),Combined: 2029-01 ($/g),Adult-use only: hold ends (reaches the anchoring point),Adult-use only: 2027-07 ($/g),Adult-use only: 2028-01 ($/g),Adult-use only: 2029-01 ($/g)
Base,Base,2027-03,8.66,5.35,2.91,2026-12,7.03,4.34,2.55
Anchor,Michigan month 6 (Jun 2020),2027-01,8.59,5.29,2.87,2026-08,6.95,4.29,2.52
Anchor,Michigan month 8 (Aug 2020),2027-02,8.67,5.34,2.9,2026-11,7.02,4.33,2.54
Anchor,Michigan month 12 (Dec 2020),2027-04,9.61,6.09,3.31,2027-01,8.0,4.94,2.9
Anchor,Michigan month 14 (Feb 2021),2027-05,11.92,8.09,4.4,2027-02,10.64,6.57,3.86
Speed limit,None,2027-03,7.79,5.35,2.91,2026-12,7.03,4.23,2.55
Speed limit,5% a month,2027-03,11.29,8.3,4.48,2026-12,9.68,7.11,3.84
Speed limit,15% a month,2027-03,7.79,5.35,2.91,2026-12,7.03,4.23,2.55
Share of started plants harvested,40%,2027-05,10.67,7.69,3.9,2026-12,7.79,6.5,3.74
Share of started plants harvested,80%,2027-02,7.81,5.11,2.75,2026-12,6.5,3.74,2.75
Harvest lag,3 months,2027-03,8.66,5.66,3.04,2026-11,7.03,4.6,2.91
Harvest lag,5 months,2027-04,9.61,5.66,2.62,2026-12,7.69,4.6,2.72
Sale lag,0 months,2027-02,8.17,6.29,2.91,2026-11,7.03,5.11,2.55
Sale lag,2 months,2027-04,9.61,5.66,2.62,2026-12,7.69,4.6,2.72
Sell-through,6 months,2027-02,7.81,5.1,2.91,2026-11,6.5,3.91,2.62
Sell-through,18 months,2027-04,9.61,6.28,2.91,2026-12,7.55,5.1,2.62
Outdoor-season planting,Half the 2026 rate,2027-03,8.66,5.66,3.51,2026-12,7.03,5.67,3.27
Licensing,Half of approvals,2027-03,8.66,5.66,3.27,2026-12,7.03,4.6,3.04
Licensing,All approvals,2027-03,8.66,6.29,2.72,2026-12,7.03,4.34,2.73
Share of added flower that sells,75%,2027-04,9.61,6.5,3.51,2026-12,7.55,5.35,3.27
Share of added flower that sells,50%,2027-06,11.84,7.55,5.11,2027-01,7.88,6.97,3.9
