Months from harvest to first sale,Months each harvest sells over,Grams sold per harvested plant (fitted),R-squared (levels),Months of sales fitted,"Out-of-sample RMSE, second half (% of mean sales)",Rolling one-step RMSE (% of mean sales),R-squared after removing linear trend
0,1,70.8,-3.895,51,50.0,51.1,0.002
0,2,75.9,-2.617,51,42.5,41.9,0.008
0,3,79.5,-1.757,51,36.8,36.8,0.007
0,4,81.9,-1.241,51,33.1,33.5,0.0
0,5,84.0,-0.78,51,29.5,30.0,0.0
0,6,85.8,-0.343,51,25.7,26.2,0.003
0,7,87.3,-0.009,51,22.2,22.7,0.015
0,8,88.5,0.25,51,18.9,19.5,0.026
0,9,89.5,0.46,51,15.8,16.4,0.034
0,10,90.4,0.647,51,12.7,13.0,0.078
0,11,91.4,0.762,51,10.8,10.2,0.159
0,12,92.4,0.787,51,10.9,9.4,0.19
0,13,93.2,0.761,51,12.2,9.8,0.172
0,14,93.8,0.72,51,13.6,10.7,0.15
0,15,94.5,0.689,51,14.9,11.6,0.146
0,16,95.1,0.637,51,16.5,13.0,0.093
0,17,95.8,0.606,51,17.8,13.8,0.07
0,18,96.5,0.602,51,18.5,14.0,0.083
1,1,71.3,-3.803,51,49.7,51.1,0.01
1,2,76.3,-2.602,51,42.7,44.5,0.007
1,3,79.7,-1.866,51,38.0,39.5,0.0
1,4,82.3,-1.262,51,33.8,35.2,0.0
1,5,84.6,-0.689,51,29.3,30.5,0.002
1,6,86.5,-0.268,51,25.4,26.4,0.012
1,7,87.9,0.045,51,21.9,23.0,0.021
1,8,89.0,0.294,51,18.7,19.6,0.025
1,9,90.1,0.519,51,15.7,16.1,0.057
1,10,91.2,0.662,51,13.8,13.4,0.104
1,11,92.5,0.736,51,13.0,11.6,0.15
1,12,93.6,0.776,51,12.6,10.3,0.245
1,13,94.4,0.747,51,13.9,10.8,0.215
1,14,95.0,0.705,51,15.4,12.0,0.187
1,15,95.6,0.636,51,17.3,13.6,0.106
1,16,96.2,0.59,51,18.8,14.7,0.074
1,17,96.9,0.578,51,19.7,15.0,0.086
1,18,97.6,0.571,51,20.4,15.2,0.103
2,1,71.5,-3.889,51,50.6,56.1,0.001
2,2,76.3,-2.827,51,44.5,47.9,0.0
2,3,80.0,-1.943,51,39.2,41.5,0.0
2,4,82.9,-1.191,51,33.9,35.7,0.0
2,5,85.3,-0.633,51,29.2,30.7,0.006
2,6,87.0,-0.235,51,25.4,26.7,0.012
2,7,88.4,0.07,51,22.0,23.1,0.014
2,8,89.7,0.338,51,19.1,19.4,0.034
2,9,90.9,0.516,51,17.2,16.5,0.059
2,10,92.4,0.619,51,16.2,14.5,0.078
2,11,93.8,0.713,51,14.9,12.4,0.163
2,12,94.8,0.752,51,14.7,11.3,0.273
2,13,95.6,0.722,51,16.0,12.1,0.244
2,14,96.1,0.64,51,18.2,14.0,0.117
2,15,96.7,0.577,51,19.9,15.3,0.071
2,16,97.4,0.551,51,21.0,15.9,0.08
2,17,98.1,0.536,51,21.8,16.2,0.095
2,18,98.7,0.517,51,22.7,16.5,0.095
