state,year,pop21,source
MA,2018,5225643,"US Census Bureau ACS 1-year B01001 (total minus under-21), via api.census.gov, accessed 2026-09-25"
MA,2019,5236619,"US Census Bureau ACS 1-year B01001 (total minus under-21), via api.census.gov, accessed 2026-09-25"
MA,2021,5308211,"US Census Bureau ACS 1-year B01001 (total minus under-21), via api.census.gov, accessed 2026-09-25"
MA,2022,5339036,"US Census Bureau ACS 1-year B01001 (total minus under-21), via api.census.gov, accessed 2026-09-25"
MA,2023,5361519,"US Census Bureau ACS 1-year B01001 (total minus under-21), via api.census.gov, accessed 2026-09-25"
MA,2024,5457681,"US Census Bureau ACS 1-year B01001 (total minus under-21), via api.census.gov, accessed 2026-09-25"
MI,2018,7410005,"US Census Bureau ACS 1-year B01001 (total minus under-21), via api.census.gov, accessed 2026-09-25"
MI,2019,7428907,"US Census Bureau ACS 1-year B01001 (total minus under-21), via api.census.gov, accessed 2026-09-25"
MI,2021,7491294,"US Census Bureau ACS 1-year B01001 (total minus under-21), via api.census.gov, accessed 2026-09-25"
MI,2022,7525994,"US Census Bureau ACS 1-year B01001 (total minus under-21), via api.census.gov, accessed 2026-09-25"
MI,2023,7538746,"US Census Bureau ACS 1-year B01001 (total minus under-21), via api.census.gov, accessed 2026-09-25"
MI,2024,7641145,"US Census Bureau ACS 1-year B01001 (total minus under-21), via api.census.gov, accessed 2026-09-25"
IL,2018,9379230,"US Census Bureau ACS 1-year B01001 (total minus under-21), via api.census.gov, accessed 2026-09-25"
IL,2019,9356390,"US Census Bureau ACS 1-year B01001 (total minus under-21), via api.census.gov, accessed 2026-09-25"
IL,2021,9374318,"US Census Bureau ACS 1-year B01001 (total minus under-21), via api.census.gov, accessed 2026-09-25"
IL,2022,9382977,"US Census Bureau ACS 1-year B01001 (total minus under-21), via api.census.gov, accessed 2026-09-25"
IL,2023,9374392,"US Census Bureau ACS 1-year B01001 (total minus under-21), via api.census.gov, accessed 2026-09-25"
IL,2024,9535841,"US Census Bureau ACS 1-year B01001 (total minus under-21), via api.census.gov, accessed 2026-09-25"
CT,2018,2680218,"US Census Bureau ACS 1-year B01001 (total minus under-21), via api.census.gov, accessed 2026-09-25"
CT,2019,2685230,"US Census Bureau ACS 1-year B01001 (total minus under-21), via api.census.gov, accessed 2026-09-25"
CT,2021,2721498,"US Census Bureau ACS 1-year B01001 (total minus under-21), via api.census.gov, accessed 2026-09-25"
CT,2022,2739659,"US Census Bureau ACS 1-year B01001 (total minus under-21), via api.census.gov, accessed 2026-09-25"
CT,2023,2743788,"US Census Bureau ACS 1-year B01001 (total minus under-21), via api.census.gov, accessed 2026-09-25"
CT,2024,2797790,"US Census Bureau ACS 1-year B01001 (total minus under-21), via api.census.gov, accessed 2026-09-25"
OH,2018,8619557,"US Census Bureau ACS 1-year B01001 (total minus under-21), via api.census.gov, accessed 2026-09-25"
OH,2019,8627797,"US Census Bureau ACS 1-year B01001 (total minus under-21), via api.census.gov, accessed 2026-09-25"
OH,2021,8700622,"US Census Bureau ACS 1-year B01001 (total minus under-21), via api.census.gov, accessed 2026-09-25"
OH,2022,8734215,"US Census Bureau ACS 1-year B01001 (total minus under-21), via api.census.gov, accessed 2026-09-25"
OH,2023,8760422,"US Census Bureau ACS 1-year B01001 (total minus under-21), via api.census.gov, accessed 2026-09-25"
OH,2024,8849535,"US Census Bureau ACS 1-year B01001 (total minus under-21), via api.census.gov, accessed 2026-09-25"
MN,2024,4273685,"US Census Bureau ACS 1-year B01001 (total minus under-21), via api.census.gov, accessed 2026-09-25"
