state,period,period_type,months_since_launch,market,level,category,package_size,metric,unit,value,tax_status,source_name,source_url,access_date,extraction_method,notes
MA,2018-11,month,0,adult_use,retail,flower,all,mean,usd_per_gram,14.17,unknown,MA Cannabis Control Commission Open Data,https://masscannabiscontrol.com/resource/a_sales_au_price_per_gram.csv,2026-09-23,download,"CCC dataset 'Average Monthly Price per Ounce for Adult-Use Cannabis' (file a_sales_au_price_per_gram.csv), column AVERAGERETAILPRICEPERGM, CCCLastUpdated 2026-09-08. Dataset title says ounce; values are per gram. File does not state whether pre-rolls are included, tax treatment, or weighting; CCC press describes it as a monthly average price per gram of adult-use cannabis."
MA,2018-12,month,1,adult_use,retail,flower,all,mean,usd_per_gram,14.23,unknown,MA Cannabis Control Commission Open Data,https://masscannabiscontrol.com/resource/a_sales_au_price_per_gram.csv,2026-09-23,download,"CCC dataset 'Average Monthly Price per Ounce for Adult-Use Cannabis' (file a_sales_au_price_per_gram.csv), column AVERAGERETAILPRICEPERGM, CCCLastUpdated 2026-09-08. Dataset title says ounce; values are per gram. File does not state whether pre-rolls are included, tax treatment, or weighting; CCC press describes it as a monthly average price per gram of adult-use cannabis."
MA,2019-01,month,2,adult_use,retail,flower,all,mean,usd_per_gram,14.54,unknown,MA Cannabis Control Commission Open Data,https://masscannabiscontrol.com/resource/a_sales_au_price_per_gram.csv,2026-09-23,download,"CCC dataset 'Average Monthly Price per Ounce for Adult-Use Cannabis' (file a_sales_au_price_per_gram.csv), column AVERAGERETAILPRICEPERGM, CCCLastUpdated 2026-09-08. Dataset title says ounce; values are per gram. File does not state whether pre-rolls are included, tax treatment, or weighting; CCC press describes it as a monthly average price per gram of adult-use cannabis."
MA,2019-02,month,3,adult_use,retail,flower,all,mean,usd_per_gram,14.61,unknown,MA Cannabis Control Commission Open Data,https://masscannabiscontrol.com/resource/a_sales_au_price_per_gram.csv,2026-09-23,download,"CCC dataset 'Average Monthly Price per Ounce for Adult-Use Cannabis' (file a_sales_au_price_per_gram.csv), column AVERAGERETAILPRICEPERGM, CCCLastUpdated 2026-09-08. Dataset title says ounce; values are per gram. File does not state whether pre-rolls are included, tax treatment, or weighting; CCC press describes it as a monthly average price per gram of adult-use cannabis."
MA,2019-03,month,4,adult_use,retail,flower,all,mean,usd_per_gram,14.55,unknown,MA Cannabis Control Commission Open Data,https://masscannabiscontrol.com/resource/a_sales_au_price_per_gram.csv,2026-09-23,download,"CCC dataset 'Average Monthly Price per Ounce for Adult-Use Cannabis' (file a_sales_au_price_per_gram.csv), column AVERAGERETAILPRICEPERGM, CCCLastUpdated 2026-09-08. Dataset title says ounce; values are per gram. File does not state whether pre-rolls are included, tax treatment, or weighting; CCC press describes it as a monthly average price per gram of adult-use cannabis."
MA,2019-04,month,5,adult_use,retail,flower,all,mean,usd_per_gram,14.53,unknown,MA Cannabis Control Commission Open Data,https://masscannabiscontrol.com/resource/a_sales_au_price_per_gram.csv,2026-09-23,download,"CCC dataset 'Average Monthly Price per Ounce for Adult-Use Cannabis' (file a_sales_au_price_per_gram.csv), column AVERAGERETAILPRICEPERGM, CCCLastUpdated 2026-09-08. Dataset title says ounce; values are per gram. File does not state whether pre-rolls are included, tax treatment, or weighting; CCC press describes it as a monthly average price per gram of adult-use cannabis."
MA,2019-05,month,6,adult_use,retail,flower,all,mean,usd_per_gram,14.44,unknown,MA Cannabis Control Commission Open Data,https://masscannabiscontrol.com/resource/a_sales_au_price_per_gram.csv,2026-09-23,download,"CCC dataset 'Average Monthly Price per Ounce for Adult-Use Cannabis' (file a_sales_au_price_per_gram.csv), column AVERAGERETAILPRICEPERGM, CCCLastUpdated 2026-09-08. Dataset title says ounce; values are per gram. File does not state whether pre-rolls are included, tax treatment, or weighting; CCC press describes it as a monthly average price per gram of adult-use cannabis."
MA,2019-06,month,7,adult_use,retail,flower,all,mean,usd_per_gram,14.42,unknown,MA Cannabis Control Commission Open Data,https://masscannabiscontrol.com/resource/a_sales_au_price_per_gram.csv,2026-09-23,download,"CCC dataset 'Average Monthly Price per Ounce for Adult-Use Cannabis' (file a_sales_au_price_per_gram.csv), column AVERAGERETAILPRICEPERGM, CCCLastUpdated 2026-09-08. Dataset title says ounce; values are per gram. File does not state whether pre-rolls are included, tax treatment, or weighting; CCC press describes it as a monthly average price per gram of adult-use cannabis."
MA,2019-07,month,8,adult_use,retail,flower,all,mean,usd_per_gram,14.31,unknown,MA Cannabis Control Commission Open Data,https://masscannabiscontrol.com/resource/a_sales_au_price_per_gram.csv,2026-09-23,download,"CCC dataset 'Average Monthly Price per Ounce for Adult-Use Cannabis' (file a_sales_au_price_per_gram.csv), column AVERAGERETAILPRICEPERGM, CCCLastUpdated 2026-09-08. Dataset title says ounce; values are per gram. File does not state whether pre-rolls are included, tax treatment, or weighting; CCC press describes it as a monthly average price per gram of adult-use cannabis."
MA,2019-08,month,9,adult_use,retail,flower,all,mean,usd_per_gram,14.24,unknown,MA Cannabis Control Commission Open Data,https://masscannabiscontrol.com/resource/a_sales_au_price_per_gram.csv,2026-09-23,download,"CCC dataset 'Average Monthly Price per Ounce for Adult-Use Cannabis' (file a_sales_au_price_per_gram.csv), column AVERAGERETAILPRICEPERGM, CCCLastUpdated 2026-09-08. Dataset title says ounce; values are per gram. File does not state whether pre-rolls are included, tax treatment, or weighting; CCC press describes it as a monthly average price per gram of adult-use cannabis."
MA,2019-09,month,10,adult_use,retail,flower,all,mean,usd_per_gram,14.32,unknown,MA Cannabis Control Commission Open Data,https://masscannabiscontrol.com/resource/a_sales_au_price_per_gram.csv,2026-09-23,download,"CCC dataset 'Average Monthly Price per Ounce for Adult-Use Cannabis' (file a_sales_au_price_per_gram.csv), column AVERAGERETAILPRICEPERGM, CCCLastUpdated 2026-09-08. Dataset title says ounce; values are per gram. File does not state whether pre-rolls are included, tax treatment, or weighting; CCC press describes it as a monthly average price per gram of adult-use cannabis."
MA,2019-10,month,11,adult_use,retail,flower,all,mean,usd_per_gram,14.63,unknown,MA Cannabis Control Commission Open Data,https://masscannabiscontrol.com/resource/a_sales_au_price_per_gram.csv,2026-09-23,download,"CCC dataset 'Average Monthly Price per Ounce for Adult-Use Cannabis' (file a_sales_au_price_per_gram.csv), column AVERAGERETAILPRICEPERGM, CCCLastUpdated 2026-09-08. Dataset title says ounce; values are per gram. File does not state whether pre-rolls are included, tax treatment, or weighting; CCC press describes it as a monthly average price per gram of adult-use cannabis."
MA,2019-11,month,12,adult_use,retail,flower,all,mean,usd_per_gram,14.54,unknown,MA Cannabis Control Commission Open Data,https://masscannabiscontrol.com/resource/a_sales_au_price_per_gram.csv,2026-09-23,download,"CCC dataset 'Average Monthly Price per Ounce for Adult-Use Cannabis' (file a_sales_au_price_per_gram.csv), column AVERAGERETAILPRICEPERGM, CCCLastUpdated 2026-09-08. Dataset title says ounce; values are per gram. File does not state whether pre-rolls are included, tax treatment, or weighting; CCC press describes it as a monthly average price per gram of adult-use cannabis."
MA,2019-12,month,13,adult_use,retail,flower,all,mean,usd_per_gram,14.62,unknown,MA Cannabis Control Commission Open Data,https://masscannabiscontrol.com/resource/a_sales_au_price_per_gram.csv,2026-09-23,download,"CCC dataset 'Average Monthly Price per Ounce for Adult-Use Cannabis' (file a_sales_au_price_per_gram.csv), column AVERAGERETAILPRICEPERGM, CCCLastUpdated 2026-09-08. Dataset title says ounce; values are per gram. File does not state whether pre-rolls are included, tax treatment, or weighting; CCC press describes it as a monthly average price per gram of adult-use cannabis."
MA,2020-01,month,14,adult_use,retail,flower,all,mean,usd_per_gram,14.68,unknown,MA Cannabis Control Commission Open Data,https://masscannabiscontrol.com/resource/a_sales_au_price_per_gram.csv,2026-09-23,download,"CCC dataset 'Average Monthly Price per Ounce for Adult-Use Cannabis' (file a_sales_au_price_per_gram.csv), column AVERAGERETAILPRICEPERGM, CCCLastUpdated 2026-09-08. Dataset title says ounce; values are per gram. File does not state whether pre-rolls are included, tax treatment, or weighting; CCC press describes it as a monthly average price per gram of adult-use cannabis."
MA,2020-02,month,15,adult_use,retail,flower,all,mean,usd_per_gram,14.57,unknown,MA Cannabis Control Commission Open Data,https://masscannabiscontrol.com/resource/a_sales_au_price_per_gram.csv,2026-09-23,download,"CCC dataset 'Average Monthly Price per Ounce for Adult-Use Cannabis' (file a_sales_au_price_per_gram.csv), column AVERAGERETAILPRICEPERGM, CCCLastUpdated 2026-09-08. Dataset title says ounce; values are per gram. File does not state whether pre-rolls are included, tax treatment, or weighting; CCC press describes it as a monthly average price per gram of adult-use cannabis."
MA,2020-03,month,16,adult_use,retail,flower,all,mean,usd_per_gram,14.39,unknown,MA Cannabis Control Commission Open Data,https://masscannabiscontrol.com/resource/a_sales_au_price_per_gram.csv,2026-09-23,download,"CCC dataset 'Average Monthly Price per Ounce for Adult-Use Cannabis' (file a_sales_au_price_per_gram.csv), column AVERAGERETAILPRICEPERGM, CCCLastUpdated 2026-09-08. Dataset title says ounce; values are per gram. File does not state whether pre-rolls are included, tax treatment, or weighting; CCC press describes it as a monthly average price per gram of adult-use cannabis."
MA,2020-04,month,17,adult_use,retail,flower,all,mean,usd_per_gram,10.15,unknown,MA Cannabis Control Commission Open Data,https://masscannabiscontrol.com/resource/a_sales_au_price_per_gram.csv,2026-09-23,download,"CCC dataset 'Average Monthly Price per Ounce for Adult-Use Cannabis' (file a_sales_au_price_per_gram.csv), column AVERAGERETAILPRICEPERGM, CCCLastUpdated 2026-09-08. Dataset title says ounce; values are per gram. File does not state whether pre-rolls are included, tax treatment, or weighting; CCC press describes it as a monthly average price per gram of adult-use cannabis. ANOMALY: adult-use retail was closed by executive order from 2020-03-24 to 2020-05-25; April value reflects minimal or atypical sales. Exclude from trend fitting."
MA,2020-05,month,18,adult_use,retail,flower,all,mean,usd_per_gram,14.36,unknown,MA Cannabis Control Commission Open Data,https://masscannabiscontrol.com/resource/a_sales_au_price_per_gram.csv,2026-09-23,download,"CCC dataset 'Average Monthly Price per Ounce for Adult-Use Cannabis' (file a_sales_au_price_per_gram.csv), column AVERAGERETAILPRICEPERGM, CCCLastUpdated 2026-09-08. Dataset title says ounce; values are per gram. File does not state whether pre-rolls are included, tax treatment, or weighting; CCC press describes it as a monthly average price per gram of adult-use cannabis."
MA,2020-06,month,19,adult_use,retail,flower,all,mean,usd_per_gram,14.34,unknown,MA Cannabis Control Commission Open Data,https://masscannabiscontrol.com/resource/a_sales_au_price_per_gram.csv,2026-09-23,download,"CCC dataset 'Average Monthly Price per Ounce for Adult-Use Cannabis' (file a_sales_au_price_per_gram.csv), column AVERAGERETAILPRICEPERGM, CCCLastUpdated 2026-09-08. Dataset title says ounce; values are per gram. File does not state whether pre-rolls are included, tax treatment, or weighting; CCC press describes it as a monthly average price per gram of adult-use cannabis."
MA,2020-07,month,20,adult_use,retail,flower,all,mean,usd_per_gram,14.34,unknown,MA Cannabis Control Commission Open Data,https://masscannabiscontrol.com/resource/a_sales_au_price_per_gram.csv,2026-09-23,download,"CCC dataset 'Average Monthly Price per Ounce for Adult-Use Cannabis' (file a_sales_au_price_per_gram.csv), column AVERAGERETAILPRICEPERGM, CCCLastUpdated 2026-09-08. Dataset title says ounce; values are per gram. File does not state whether pre-rolls are included, tax treatment, or weighting; CCC press describes it as a monthly average price per gram of adult-use cannabis."
MA,2020-08,month,21,adult_use,retail,flower,all,mean,usd_per_gram,14.39,unknown,MA Cannabis Control Commission Open Data,https://masscannabiscontrol.com/resource/a_sales_au_price_per_gram.csv,2026-09-23,download,"CCC dataset 'Average Monthly Price per Ounce for Adult-Use Cannabis' (file a_sales_au_price_per_gram.csv), column AVERAGERETAILPRICEPERGM, CCCLastUpdated 2026-09-08. Dataset title says ounce; values are per gram. File does not state whether pre-rolls are included, tax treatment, or weighting; CCC press describes it as a monthly average price per gram of adult-use cannabis."
MA,2020-09,month,22,adult_use,retail,flower,all,mean,usd_per_gram,14.34,unknown,MA Cannabis Control Commission Open Data,https://masscannabiscontrol.com/resource/a_sales_au_price_per_gram.csv,2026-09-23,download,"CCC dataset 'Average Monthly Price per Ounce for Adult-Use Cannabis' (file a_sales_au_price_per_gram.csv), column AVERAGERETAILPRICEPERGM, CCCLastUpdated 2026-09-08. Dataset title says ounce; values are per gram. File does not state whether pre-rolls are included, tax treatment, or weighting; CCC press describes it as a monthly average price per gram of adult-use cannabis."
MA,2020-10,month,23,adult_use,retail,flower,all,mean,usd_per_gram,14.39,unknown,MA Cannabis Control Commission Open Data,https://masscannabiscontrol.com/resource/a_sales_au_price_per_gram.csv,2026-09-23,download,"CCC dataset 'Average Monthly Price per Ounce for Adult-Use Cannabis' (file a_sales_au_price_per_gram.csv), column AVERAGERETAILPRICEPERGM, CCCLastUpdated 2026-09-08. Dataset title says ounce; values are per gram. File does not state whether pre-rolls are included, tax treatment, or weighting; CCC press describes it as a monthly average price per gram of adult-use cannabis."
MA,2020-11,month,24,adult_use,retail,flower,all,mean,usd_per_gram,14.32,unknown,MA Cannabis Control Commission Open Data,https://masscannabiscontrol.com/resource/a_sales_au_price_per_gram.csv,2026-09-23,download,"CCC dataset 'Average Monthly Price per Ounce for Adult-Use Cannabis' (file a_sales_au_price_per_gram.csv), column AVERAGERETAILPRICEPERGM, CCCLastUpdated 2026-09-08. Dataset title says ounce; values are per gram. File does not state whether pre-rolls are included, tax treatment, or weighting; CCC press describes it as a monthly average price per gram of adult-use cannabis."
MA,2020-12,month,25,adult_use,retail,flower,all,mean,usd_per_gram,14.16,unknown,MA Cannabis Control Commission Open Data,https://masscannabiscontrol.com/resource/a_sales_au_price_per_gram.csv,2026-09-23,download,"CCC dataset 'Average Monthly Price per Ounce for Adult-Use Cannabis' (file a_sales_au_price_per_gram.csv), column AVERAGERETAILPRICEPERGM, CCCLastUpdated 2026-09-08. Dataset title says ounce; values are per gram. File does not state whether pre-rolls are included, tax treatment, or weighting; CCC press describes it as a monthly average price per gram of adult-use cannabis."
MA,2021-01,month,26,adult_use,retail,flower,all,mean,usd_per_gram,14.21,unknown,MA Cannabis Control Commission Open Data,https://masscannabiscontrol.com/resource/a_sales_au_price_per_gram.csv,2026-09-23,download,"CCC dataset 'Average Monthly Price per Ounce for Adult-Use Cannabis' (file a_sales_au_price_per_gram.csv), column AVERAGERETAILPRICEPERGM, CCCLastUpdated 2026-09-08. Dataset title says ounce; values are per gram. File does not state whether pre-rolls are included, tax treatment, or weighting; CCC press describes it as a monthly average price per gram of adult-use cannabis."
MA,2021-02,month,27,adult_use,retail,flower,all,mean,usd_per_gram,14.24,unknown,MA Cannabis Control Commission Open Data,https://masscannabiscontrol.com/resource/a_sales_au_price_per_gram.csv,2026-09-23,download,"CCC dataset 'Average Monthly Price per Ounce for Adult-Use Cannabis' (file a_sales_au_price_per_gram.csv), column AVERAGERETAILPRICEPERGM, CCCLastUpdated 2026-09-08. Dataset title says ounce; values are per gram. File does not state whether pre-rolls are included, tax treatment, or weighting; CCC press describes it as a monthly average price per gram of adult-use cannabis."
MA,2021-03,month,28,adult_use,retail,flower,all,mean,usd_per_gram,14.23,unknown,MA Cannabis Control Commission Open Data,https://masscannabiscontrol.com/resource/a_sales_au_price_per_gram.csv,2026-09-23,download,"CCC dataset 'Average Monthly Price per Ounce for Adult-Use Cannabis' (file a_sales_au_price_per_gram.csv), column AVERAGERETAILPRICEPERGM, CCCLastUpdated 2026-09-08. Dataset title says ounce; values are per gram. File does not state whether pre-rolls are included, tax treatment, or weighting; CCC press describes it as a monthly average price per gram of adult-use cannabis."
MA,2021-04,month,29,adult_use,retail,flower,all,mean,usd_per_gram,14.02,unknown,MA Cannabis Control Commission Open Data,https://masscannabiscontrol.com/resource/a_sales_au_price_per_gram.csv,2026-09-23,download,"CCC dataset 'Average Monthly Price per Ounce for Adult-Use Cannabis' (file a_sales_au_price_per_gram.csv), column AVERAGERETAILPRICEPERGM, CCCLastUpdated 2026-09-08. Dataset title says ounce; values are per gram. File does not state whether pre-rolls are included, tax treatment, or weighting; CCC press describes it as a monthly average price per gram of adult-use cannabis."
MA,2021-05,month,30,adult_use,retail,flower,all,mean,usd_per_gram,14.02,unknown,MA Cannabis Control Commission Open Data,https://masscannabiscontrol.com/resource/a_sales_au_price_per_gram.csv,2026-09-23,download,"CCC dataset 'Average Monthly Price per Ounce for Adult-Use Cannabis' (file a_sales_au_price_per_gram.csv), column AVERAGERETAILPRICEPERGM, CCCLastUpdated 2026-09-08. Dataset title says ounce; values are per gram. File does not state whether pre-rolls are included, tax treatment, or weighting; CCC press describes it as a monthly average price per gram of adult-use cannabis."
MA,2021-06,month,31,adult_use,retail,flower,all,mean,usd_per_gram,13.94,unknown,MA Cannabis Control Commission Open Data,https://masscannabiscontrol.com/resource/a_sales_au_price_per_gram.csv,2026-09-23,download,"CCC dataset 'Average Monthly Price per Ounce for Adult-Use Cannabis' (file a_sales_au_price_per_gram.csv), column AVERAGERETAILPRICEPERGM, CCCLastUpdated 2026-09-08. Dataset title says ounce; values are per gram. File does not state whether pre-rolls are included, tax treatment, or weighting; CCC press describes it as a monthly average price per gram of adult-use cannabis."
MA,2021-07,month,32,adult_use,retail,flower,all,mean,usd_per_gram,13.90,unknown,MA Cannabis Control Commission Open Data,https://masscannabiscontrol.com/resource/a_sales_au_price_per_gram.csv,2026-09-23,download,"CCC dataset 'Average Monthly Price per Ounce for Adult-Use Cannabis' (file a_sales_au_price_per_gram.csv), column AVERAGERETAILPRICEPERGM, CCCLastUpdated 2026-09-08. Dataset title says ounce; values are per gram. File does not state whether pre-rolls are included, tax treatment, or weighting; CCC press describes it as a monthly average price per gram of adult-use cannabis."
MA,2021-08,month,33,adult_use,retail,flower,all,mean,usd_per_gram,13.76,unknown,MA Cannabis Control Commission Open Data,https://masscannabiscontrol.com/resource/a_sales_au_price_per_gram.csv,2026-09-23,download,"CCC dataset 'Average Monthly Price per Ounce for Adult-Use Cannabis' (file a_sales_au_price_per_gram.csv), column AVERAGERETAILPRICEPERGM, CCCLastUpdated 2026-09-08. Dataset title says ounce; values are per gram. File does not state whether pre-rolls are included, tax treatment, or weighting; CCC press describes it as a monthly average price per gram of adult-use cannabis."
MA,2021-09,month,34,adult_use,retail,flower,all,mean,usd_per_gram,13.61,unknown,MA Cannabis Control Commission Open Data,https://masscannabiscontrol.com/resource/a_sales_au_price_per_gram.csv,2026-09-23,download,"CCC dataset 'Average Monthly Price per Ounce for Adult-Use Cannabis' (file a_sales_au_price_per_gram.csv), column AVERAGERETAILPRICEPERGM, CCCLastUpdated 2026-09-08. Dataset title says ounce; values are per gram. File does not state whether pre-rolls are included, tax treatment, or weighting; CCC press describes it as a monthly average price per gram of adult-use cannabis."
MA,2021-10,month,35,adult_use,retail,flower,all,mean,usd_per_gram,13.45,unknown,MA Cannabis Control Commission Open Data,https://masscannabiscontrol.com/resource/a_sales_au_price_per_gram.csv,2026-09-23,download,"CCC dataset 'Average Monthly Price per Ounce for Adult-Use Cannabis' (file a_sales_au_price_per_gram.csv), column AVERAGERETAILPRICEPERGM, CCCLastUpdated 2026-09-08. Dataset title says ounce; values are per gram. File does not state whether pre-rolls are included, tax treatment, or weighting; CCC press describes it as a monthly average price per gram of adult-use cannabis."
MA,2021-11,month,36,adult_use,retail,flower,all,mean,usd_per_gram,13.28,unknown,MA Cannabis Control Commission Open Data,https://masscannabiscontrol.com/resource/a_sales_au_price_per_gram.csv,2026-09-23,download,"CCC dataset 'Average Monthly Price per Ounce for Adult-Use Cannabis' (file a_sales_au_price_per_gram.csv), column AVERAGERETAILPRICEPERGM, CCCLastUpdated 2026-09-08. Dataset title says ounce; values are per gram. File does not state whether pre-rolls are included, tax treatment, or weighting; CCC press describes it as a monthly average price per gram of adult-use cannabis."
MA,2021-12,month,37,adult_use,retail,flower,all,mean,usd_per_gram,12.85,unknown,MA Cannabis Control Commission Open Data,https://masscannabiscontrol.com/resource/a_sales_au_price_per_gram.csv,2026-09-23,download,"CCC dataset 'Average Monthly Price per Ounce for Adult-Use Cannabis' (file a_sales_au_price_per_gram.csv), column AVERAGERETAILPRICEPERGM, CCCLastUpdated 2026-09-08. Dataset title says ounce; values are per gram. File does not state whether pre-rolls are included, tax treatment, or weighting; CCC press describes it as a monthly average price per gram of adult-use cannabis."
MA,2022-01,month,38,adult_use,retail,flower,all,mean,usd_per_gram,12.64,unknown,MA Cannabis Control Commission Open Data,https://masscannabiscontrol.com/resource/a_sales_au_price_per_gram.csv,2026-09-23,download,"CCC dataset 'Average Monthly Price per Ounce for Adult-Use Cannabis' (file a_sales_au_price_per_gram.csv), column AVERAGERETAILPRICEPERGM, CCCLastUpdated 2026-09-08. Dataset title says ounce; values are per gram. File does not state whether pre-rolls are included, tax treatment, or weighting; CCC press describes it as a monthly average price per gram of adult-use cannabis."
MA,2022-02,month,39,adult_use,retail,flower,all,mean,usd_per_gram,12.35,unknown,MA Cannabis Control Commission Open Data,https://masscannabiscontrol.com/resource/a_sales_au_price_per_gram.csv,2026-09-23,download,"CCC dataset 'Average Monthly Price per Ounce for Adult-Use Cannabis' (file a_sales_au_price_per_gram.csv), column AVERAGERETAILPRICEPERGM, CCCLastUpdated 2026-09-08. Dataset title says ounce; values are per gram. File does not state whether pre-rolls are included, tax treatment, or weighting; CCC press describes it as a monthly average price per gram of adult-use cannabis."
MA,2022-03,month,40,adult_use,retail,flower,all,mean,usd_per_gram,11.95,unknown,MA Cannabis Control Commission Open Data,https://masscannabiscontrol.com/resource/a_sales_au_price_per_gram.csv,2026-09-23,download,"CCC dataset 'Average Monthly Price per Ounce for Adult-Use Cannabis' (file a_sales_au_price_per_gram.csv), column AVERAGERETAILPRICEPERGM, CCCLastUpdated 2026-09-08. Dataset title says ounce; values are per gram. File does not state whether pre-rolls are included, tax treatment, or weighting; CCC press describes it as a monthly average price per gram of adult-use cannabis."
MA,2022-04,month,41,adult_use,retail,flower,all,mean,usd_per_gram,11.29,unknown,MA Cannabis Control Commission Open Data,https://masscannabiscontrol.com/resource/a_sales_au_price_per_gram.csv,2026-09-23,download,"CCC dataset 'Average Monthly Price per Ounce for Adult-Use Cannabis' (file a_sales_au_price_per_gram.csv), column AVERAGERETAILPRICEPERGM, CCCLastUpdated 2026-09-08. Dataset title says ounce; values are per gram. File does not state whether pre-rolls are included, tax treatment, or weighting; CCC press describes it as a monthly average price per gram of adult-use cannabis."
MA,2022-05,month,42,adult_use,retail,flower,all,mean,usd_per_gram,11.01,unknown,MA Cannabis Control Commission Open Data,https://masscannabiscontrol.com/resource/a_sales_au_price_per_gram.csv,2026-09-23,download,"CCC dataset 'Average Monthly Price per Ounce for Adult-Use Cannabis' (file a_sales_au_price_per_gram.csv), column AVERAGERETAILPRICEPERGM, CCCLastUpdated 2026-09-08. Dataset title says ounce; values are per gram. File does not state whether pre-rolls are included, tax treatment, or weighting; CCC press describes it as a monthly average price per gram of adult-use cannabis."
MA,2022-06,month,43,adult_use,retail,flower,all,mean,usd_per_gram,10.57,unknown,MA Cannabis Control Commission Open Data,https://masscannabiscontrol.com/resource/a_sales_au_price_per_gram.csv,2026-09-23,download,"CCC dataset 'Average Monthly Price per Ounce for Adult-Use Cannabis' (file a_sales_au_price_per_gram.csv), column AVERAGERETAILPRICEPERGM, CCCLastUpdated 2026-09-08. Dataset title says ounce; values are per gram. File does not state whether pre-rolls are included, tax treatment, or weighting; CCC press describes it as a monthly average price per gram of adult-use cannabis."
MA,2022-07,month,44,adult_use,retail,flower,all,mean,usd_per_gram,10.15,unknown,MA Cannabis Control Commission Open Data,https://masscannabiscontrol.com/resource/a_sales_au_price_per_gram.csv,2026-09-23,download,"CCC dataset 'Average Monthly Price per Ounce for Adult-Use Cannabis' (file a_sales_au_price_per_gram.csv), column AVERAGERETAILPRICEPERGM, CCCLastUpdated 2026-09-08. Dataset title says ounce; values are per gram. File does not state whether pre-rolls are included, tax treatment, or weighting; CCC press describes it as a monthly average price per gram of adult-use cannabis."
MA,2022-08,month,45,adult_use,retail,flower,all,mean,usd_per_gram,9.71,unknown,MA Cannabis Control Commission Open Data,https://masscannabiscontrol.com/resource/a_sales_au_price_per_gram.csv,2026-09-23,download,"CCC dataset 'Average Monthly Price per Ounce for Adult-Use Cannabis' (file a_sales_au_price_per_gram.csv), column AVERAGERETAILPRICEPERGM, CCCLastUpdated 2026-09-08. Dataset title says ounce; values are per gram. File does not state whether pre-rolls are included, tax treatment, or weighting; CCC press describes it as a monthly average price per gram of adult-use cannabis."
MA,2022-09,month,46,adult_use,retail,flower,all,mean,usd_per_gram,9.16,unknown,MA Cannabis Control Commission Open Data,https://masscannabiscontrol.com/resource/a_sales_au_price_per_gram.csv,2026-09-23,download,"CCC dataset 'Average Monthly Price per Ounce for Adult-Use Cannabis' (file a_sales_au_price_per_gram.csv), column AVERAGERETAILPRICEPERGM, CCCLastUpdated 2026-09-08. Dataset title says ounce; values are per gram. File does not state whether pre-rolls are included, tax treatment, or weighting; CCC press describes it as a monthly average price per gram of adult-use cannabis."
MA,2022-10,month,47,adult_use,retail,flower,all,mean,usd_per_gram,7.61,unknown,MA Cannabis Control Commission Open Data,https://masscannabiscontrol.com/resource/a_sales_au_price_per_gram.csv,2026-09-23,download,"CCC dataset 'Average Monthly Price per Ounce for Adult-Use Cannabis' (file a_sales_au_price_per_gram.csv), column AVERAGERETAILPRICEPERGM, CCCLastUpdated 2026-09-08. Dataset title says ounce; values are per gram. File does not state whether pre-rolls are included, tax treatment, or weighting; CCC press describes it as a monthly average price per gram of adult-use cannabis."
MA,2022-11,month,48,adult_use,retail,flower,all,mean,usd_per_gram,8.04,unknown,MA Cannabis Control Commission Open Data,https://masscannabiscontrol.com/resource/a_sales_au_price_per_gram.csv,2026-09-23,download,"CCC dataset 'Average Monthly Price per Ounce for Adult-Use Cannabis' (file a_sales_au_price_per_gram.csv), column AVERAGERETAILPRICEPERGM, CCCLastUpdated 2026-09-08. Dataset title says ounce; values are per gram. File does not state whether pre-rolls are included, tax treatment, or weighting; CCC press describes it as a monthly average price per gram of adult-use cannabis."
MA,2022-12,month,49,adult_use,retail,flower,all,mean,usd_per_gram,7.61,unknown,MA Cannabis Control Commission Open Data,https://masscannabiscontrol.com/resource/a_sales_au_price_per_gram.csv,2026-09-23,download,"BEYOND MONTH 48; retained for floor analysis. CCC dataset 'Average Monthly Price per Ounce for Adult-Use Cannabis' (file a_sales_au_price_per_gram.csv), column AVERAGERETAILPRICEPERGM, CCCLastUpdated 2026-09-08. Dataset title says ounce; values are per gram. File does not state whether pre-rolls are included, tax treatment, or weighting; CCC press describes it as a monthly average price per gram of adult-use cannabis."
MA,2023-01,month,50,adult_use,retail,flower,all,mean,usd_per_gram,7.06,unknown,MA Cannabis Control Commission Open Data,https://masscannabiscontrol.com/resource/a_sales_au_price_per_gram.csv,2026-09-23,download,"BEYOND MONTH 48; retained for floor analysis. CCC dataset 'Average Monthly Price per Ounce for Adult-Use Cannabis' (file a_sales_au_price_per_gram.csv), column AVERAGERETAILPRICEPERGM, CCCLastUpdated 2026-09-08. Dataset title says ounce; values are per gram. File does not state whether pre-rolls are included, tax treatment, or weighting; CCC press describes it as a monthly average price per gram of adult-use cannabis."
MA,2023-02,month,51,adult_use,retail,flower,all,mean,usd_per_gram,6.09,unknown,MA Cannabis Control Commission Open Data,https://masscannabiscontrol.com/resource/a_sales_au_price_per_gram.csv,2026-09-23,download,"BEYOND MONTH 48; retained for floor analysis. CCC dataset 'Average Monthly Price per Ounce for Adult-Use Cannabis' (file a_sales_au_price_per_gram.csv), column AVERAGERETAILPRICEPERGM, CCCLastUpdated 2026-09-08. Dataset title says ounce; values are per gram. File does not state whether pre-rolls are included, tax treatment, or weighting; CCC press describes it as a monthly average price per gram of adult-use cannabis."
MA,2023-03,month,52,adult_use,retail,flower,all,mean,usd_per_gram,6.58,unknown,MA Cannabis Control Commission Open Data,https://masscannabiscontrol.com/resource/a_sales_au_price_per_gram.csv,2026-09-23,download,"BEYOND MONTH 48; retained for floor analysis. CCC dataset 'Average Monthly Price per Ounce for Adult-Use Cannabis' (file a_sales_au_price_per_gram.csv), column AVERAGERETAILPRICEPERGM, CCCLastUpdated 2026-09-08. Dataset title says ounce; values are per gram. File does not state whether pre-rolls are included, tax treatment, or weighting; CCC press describes it as a monthly average price per gram of adult-use cannabis."
MA,2023-04,month,53,adult_use,retail,flower,all,mean,usd_per_gram,5.97,unknown,MA Cannabis Control Commission Open Data,https://masscannabiscontrol.com/resource/a_sales_au_price_per_gram.csv,2026-09-23,download,"BEYOND MONTH 48; retained for floor analysis. CCC dataset 'Average Monthly Price per Ounce for Adult-Use Cannabis' (file a_sales_au_price_per_gram.csv), column AVERAGERETAILPRICEPERGM, CCCLastUpdated 2026-09-08. Dataset title says ounce; values are per gram. File does not state whether pre-rolls are included, tax treatment, or weighting; CCC press describes it as a monthly average price per gram of adult-use cannabis."
MA,2023-05,month,54,adult_use,retail,flower,all,mean,usd_per_gram,5.98,unknown,MA Cannabis Control Commission Open Data,https://masscannabiscontrol.com/resource/a_sales_au_price_per_gram.csv,2026-09-23,download,"BEYOND MONTH 48; retained for floor analysis. CCC dataset 'Average Monthly Price per Ounce for Adult-Use Cannabis' (file a_sales_au_price_per_gram.csv), column AVERAGERETAILPRICEPERGM, CCCLastUpdated 2026-09-08. Dataset title says ounce; values are per gram. File does not state whether pre-rolls are included, tax treatment, or weighting; CCC press describes it as a monthly average price per gram of adult-use cannabis."
MA,2023-06,month,55,adult_use,retail,flower,all,mean,usd_per_gram,5.75,unknown,MA Cannabis Control Commission Open Data,https://masscannabiscontrol.com/resource/a_sales_au_price_per_gram.csv,2026-09-23,download,"BEYOND MONTH 48; retained for floor analysis. CCC dataset 'Average Monthly Price per Ounce for Adult-Use Cannabis' (file a_sales_au_price_per_gram.csv), column AVERAGERETAILPRICEPERGM, CCCLastUpdated 2026-09-08. Dataset title says ounce; values are per gram. File does not state whether pre-rolls are included, tax treatment, or weighting; CCC press describes it as a monthly average price per gram of adult-use cannabis."
MA,2023-07,month,56,adult_use,retail,flower,all,mean,usd_per_gram,6.20,unknown,MA Cannabis Control Commission Open Data,https://masscannabiscontrol.com/resource/a_sales_au_price_per_gram.csv,2026-09-23,download,"BEYOND MONTH 48; retained for floor analysis. CCC dataset 'Average Monthly Price per Ounce for Adult-Use Cannabis' (file a_sales_au_price_per_gram.csv), column AVERAGERETAILPRICEPERGM, CCCLastUpdated 2026-09-08. Dataset title says ounce; values are per gram. File does not state whether pre-rolls are included, tax treatment, or weighting; CCC press describes it as a monthly average price per gram of adult-use cannabis."
MA,2023-08,month,57,adult_use,retail,flower,all,mean,usd_per_gram,5.95,unknown,MA Cannabis Control Commission Open Data,https://masscannabiscontrol.com/resource/a_sales_au_price_per_gram.csv,2026-09-23,download,"BEYOND MONTH 48; retained for floor analysis. CCC dataset 'Average Monthly Price per Ounce for Adult-Use Cannabis' (file a_sales_au_price_per_gram.csv), column AVERAGERETAILPRICEPERGM, CCCLastUpdated 2026-09-08. Dataset title says ounce; values are per gram. File does not state whether pre-rolls are included, tax treatment, or weighting; CCC press describes it as a monthly average price per gram of adult-use cannabis."
MA,2023-09,month,58,adult_use,retail,flower,all,mean,usd_per_gram,5.89,unknown,MA Cannabis Control Commission Open Data,https://masscannabiscontrol.com/resource/a_sales_au_price_per_gram.csv,2026-09-23,download,"BEYOND MONTH 48; retained for floor analysis. CCC dataset 'Average Monthly Price per Ounce for Adult-Use Cannabis' (file a_sales_au_price_per_gram.csv), column AVERAGERETAILPRICEPERGM, CCCLastUpdated 2026-09-08. Dataset title says ounce; values are per gram. File does not state whether pre-rolls are included, tax treatment, or weighting; CCC press describes it as a monthly average price per gram of adult-use cannabis."
MA,2023-10,month,59,adult_use,retail,flower,all,mean,usd_per_gram,5.64,unknown,MA Cannabis Control Commission Open Data,https://masscannabiscontrol.com/resource/a_sales_au_price_per_gram.csv,2026-09-23,download,"BEYOND MONTH 48; retained for floor analysis. CCC dataset 'Average Monthly Price per Ounce for Adult-Use Cannabis' (file a_sales_au_price_per_gram.csv), column AVERAGERETAILPRICEPERGM, CCCLastUpdated 2026-09-08. Dataset title says ounce; values are per gram. File does not state whether pre-rolls are included, tax treatment, or weighting; CCC press describes it as a monthly average price per gram of adult-use cannabis."
MA,2023-11,month,60,adult_use,retail,flower,all,mean,usd_per_gram,5.59,unknown,MA Cannabis Control Commission Open Data,https://masscannabiscontrol.com/resource/a_sales_au_price_per_gram.csv,2026-09-23,download,"BEYOND MONTH 48; retained for floor analysis. CCC dataset 'Average Monthly Price per Ounce for Adult-Use Cannabis' (file a_sales_au_price_per_gram.csv), column AVERAGERETAILPRICEPERGM, CCCLastUpdated 2026-09-08. Dataset title says ounce; values are per gram. File does not state whether pre-rolls are included, tax treatment, or weighting; CCC press describes it as a monthly average price per gram of adult-use cannabis."
MA,2023-12,month,61,adult_use,retail,flower,all,mean,usd_per_gram,5.66,unknown,MA Cannabis Control Commission Open Data,https://masscannabiscontrol.com/resource/a_sales_au_price_per_gram.csv,2026-09-23,download,"BEYOND MONTH 48; retained for floor analysis. CCC dataset 'Average Monthly Price per Ounce for Adult-Use Cannabis' (file a_sales_au_price_per_gram.csv), column AVERAGERETAILPRICEPERGM, CCCLastUpdated 2026-09-08. Dataset title says ounce; values are per gram. File does not state whether pre-rolls are included, tax treatment, or weighting; CCC press describes it as a monthly average price per gram of adult-use cannabis."
MA,2024-01,month,62,adult_use,retail,flower,all,mean,usd_per_gram,5.65,unknown,MA Cannabis Control Commission Open Data,https://masscannabiscontrol.com/resource/a_sales_au_price_per_gram.csv,2026-09-23,download,"BEYOND MONTH 48; retained for floor analysis. CCC dataset 'Average Monthly Price per Ounce for Adult-Use Cannabis' (file a_sales_au_price_per_gram.csv), column AVERAGERETAILPRICEPERGM, CCCLastUpdated 2026-09-08. Dataset title says ounce; values are per gram. File does not state whether pre-rolls are included, tax treatment, or weighting; CCC press describes it as a monthly average price per gram of adult-use cannabis."
MA,2024-02,month,63,adult_use,retail,flower,all,mean,usd_per_gram,5.28,unknown,MA Cannabis Control Commission Open Data,https://masscannabiscontrol.com/resource/a_sales_au_price_per_gram.csv,2026-09-23,download,"BEYOND MONTH 48; retained for floor analysis. CCC dataset 'Average Monthly Price per Ounce for Adult-Use Cannabis' (file a_sales_au_price_per_gram.csv), column AVERAGERETAILPRICEPERGM, CCCLastUpdated 2026-09-08. Dataset title says ounce; values are per gram. File does not state whether pre-rolls are included, tax treatment, or weighting; CCC press describes it as a monthly average price per gram of adult-use cannabis."
MA,2024-03,month,64,adult_use,retail,flower,all,mean,usd_per_gram,5.31,unknown,MA Cannabis Control Commission Open Data,https://masscannabiscontrol.com/resource/a_sales_au_price_per_gram.csv,2026-09-23,download,"BEYOND MONTH 48; retained for floor analysis. CCC dataset 'Average Monthly Price per Ounce for Adult-Use Cannabis' (file a_sales_au_price_per_gram.csv), column AVERAGERETAILPRICEPERGM, CCCLastUpdated 2026-09-08. Dataset title says ounce; values are per gram. File does not state whether pre-rolls are included, tax treatment, or weighting; CCC press describes it as a monthly average price per gram of adult-use cannabis."
MA,2024-04,month,65,adult_use,retail,flower,all,mean,usd_per_gram,5.31,unknown,MA Cannabis Control Commission Open Data,https://masscannabiscontrol.com/resource/a_sales_au_price_per_gram.csv,2026-09-23,download,"BEYOND MONTH 48; retained for floor analysis. CCC dataset 'Average Monthly Price per Ounce for Adult-Use Cannabis' (file a_sales_au_price_per_gram.csv), column AVERAGERETAILPRICEPERGM, CCCLastUpdated 2026-09-08. Dataset title says ounce; values are per gram. File does not state whether pre-rolls are included, tax treatment, or weighting; CCC press describes it as a monthly average price per gram of adult-use cannabis."
MA,2024-05,month,66,adult_use,retail,flower,all,mean,usd_per_gram,5.28,unknown,MA Cannabis Control Commission Open Data,https://masscannabiscontrol.com/resource/a_sales_au_price_per_gram.csv,2026-09-23,download,"BEYOND MONTH 48; retained for floor analysis. CCC dataset 'Average Monthly Price per Ounce for Adult-Use Cannabis' (file a_sales_au_price_per_gram.csv), column AVERAGERETAILPRICEPERGM, CCCLastUpdated 2026-09-08. Dataset title says ounce; values are per gram. File does not state whether pre-rolls are included, tax treatment, or weighting; CCC press describes it as a monthly average price per gram of adult-use cannabis."
MA,2024-06,month,67,adult_use,retail,flower,all,mean,usd_per_gram,5.05,unknown,MA Cannabis Control Commission Open Data,https://masscannabiscontrol.com/resource/a_sales_au_price_per_gram.csv,2026-09-23,download,"BEYOND MONTH 48; retained for floor analysis. CCC dataset 'Average Monthly Price per Ounce for Adult-Use Cannabis' (file a_sales_au_price_per_gram.csv), column AVERAGERETAILPRICEPERGM, CCCLastUpdated 2026-09-08. Dataset title says ounce; values are per gram. File does not state whether pre-rolls are included, tax treatment, or weighting; CCC press describes it as a monthly average price per gram of adult-use cannabis."
MA,2024-07,month,68,adult_use,retail,flower,all,mean,usd_per_gram,5.01,unknown,MA Cannabis Control Commission Open Data,https://masscannabiscontrol.com/resource/a_sales_au_price_per_gram.csv,2026-09-23,download,"BEYOND MONTH 48; retained for floor analysis. CCC dataset 'Average Monthly Price per Ounce for Adult-Use Cannabis' (file a_sales_au_price_per_gram.csv), column AVERAGERETAILPRICEPERGM, CCCLastUpdated 2026-09-08. Dataset title says ounce; values are per gram. File does not state whether pre-rolls are included, tax treatment, or weighting; CCC press describes it as a monthly average price per gram of adult-use cannabis."
MA,2024-08,month,69,adult_use,retail,flower,all,mean,usd_per_gram,4.91,unknown,MA Cannabis Control Commission Open Data,https://masscannabiscontrol.com/resource/a_sales_au_price_per_gram.csv,2026-09-23,download,"BEYOND MONTH 48; retained for floor analysis. CCC dataset 'Average Monthly Price per Ounce for Adult-Use Cannabis' (file a_sales_au_price_per_gram.csv), column AVERAGERETAILPRICEPERGM, CCCLastUpdated 2026-09-08. Dataset title says ounce; values are per gram. File does not state whether pre-rolls are included, tax treatment, or weighting; CCC press describes it as a monthly average price per gram of adult-use cannabis."
MA,2024-09,month,70,adult_use,retail,flower,all,mean,usd_per_gram,4.85,unknown,MA Cannabis Control Commission Open Data,https://masscannabiscontrol.com/resource/a_sales_au_price_per_gram.csv,2026-09-23,download,"BEYOND MONTH 48; retained for floor analysis. CCC dataset 'Average Monthly Price per Ounce for Adult-Use Cannabis' (file a_sales_au_price_per_gram.csv), column AVERAGERETAILPRICEPERGM, CCCLastUpdated 2026-09-08. Dataset title says ounce; values are per gram. File does not state whether pre-rolls are included, tax treatment, or weighting; CCC press describes it as a monthly average price per gram of adult-use cannabis."
MA,2024-10,month,71,adult_use,retail,flower,all,mean,usd_per_gram,4.77,unknown,MA Cannabis Control Commission Open Data,https://masscannabiscontrol.com/resource/a_sales_au_price_per_gram.csv,2026-09-23,download,"BEYOND MONTH 48; retained for floor analysis. CCC dataset 'Average Monthly Price per Ounce for Adult-Use Cannabis' (file a_sales_au_price_per_gram.csv), column AVERAGERETAILPRICEPERGM, CCCLastUpdated 2026-09-08. Dataset title says ounce; values are per gram. File does not state whether pre-rolls are included, tax treatment, or weighting; CCC press describes it as a monthly average price per gram of adult-use cannabis."
MA,2024-11,month,72,adult_use,retail,flower,all,mean,usd_per_gram,4.56,unknown,MA Cannabis Control Commission Open Data,https://masscannabiscontrol.com/resource/a_sales_au_price_per_gram.csv,2026-09-23,download,"BEYOND MONTH 48; retained for floor analysis. CCC dataset 'Average Monthly Price per Ounce for Adult-Use Cannabis' (file a_sales_au_price_per_gram.csv), column AVERAGERETAILPRICEPERGM, CCCLastUpdated 2026-09-08. Dataset title says ounce; values are per gram. File does not state whether pre-rolls are included, tax treatment, or weighting; CCC press describes it as a monthly average price per gram of adult-use cannabis."
MA,2024-12,month,73,adult_use,retail,flower,all,mean,usd_per_gram,4.45,unknown,MA Cannabis Control Commission Open Data,https://masscannabiscontrol.com/resource/a_sales_au_price_per_gram.csv,2026-09-23,download,"BEYOND MONTH 48; retained for floor analysis. CCC dataset 'Average Monthly Price per Ounce for Adult-Use Cannabis' (file a_sales_au_price_per_gram.csv), column AVERAGERETAILPRICEPERGM, CCCLastUpdated 2026-09-08. Dataset title says ounce; values are per gram. File does not state whether pre-rolls are included, tax treatment, or weighting; CCC press describes it as a monthly average price per gram of adult-use cannabis."
MA,2025-01,month,74,adult_use,retail,flower,all,mean,usd_per_gram,4.42,unknown,MA Cannabis Control Commission Open Data,https://masscannabiscontrol.com/resource/a_sales_au_price_per_gram.csv,2026-09-23,download,"BEYOND MONTH 48; retained for floor analysis. CCC dataset 'Average Monthly Price per Ounce for Adult-Use Cannabis' (file a_sales_au_price_per_gram.csv), column AVERAGERETAILPRICEPERGM, CCCLastUpdated 2026-09-08. Dataset title says ounce; values are per gram. File does not state whether pre-rolls are included, tax treatment, or weighting; CCC press describes it as a monthly average price per gram of adult-use cannabis."
MA,2025-02,month,75,adult_use,retail,flower,all,mean,usd_per_gram,4.32,unknown,MA Cannabis Control Commission Open Data,https://masscannabiscontrol.com/resource/a_sales_au_price_per_gram.csv,2026-09-23,download,"BEYOND MONTH 48; retained for floor analysis. CCC dataset 'Average Monthly Price per Ounce for Adult-Use Cannabis' (file a_sales_au_price_per_gram.csv), column AVERAGERETAILPRICEPERGM, CCCLastUpdated 2026-09-08. Dataset title says ounce; values are per gram. File does not state whether pre-rolls are included, tax treatment, or weighting; CCC press describes it as a monthly average price per gram of adult-use cannabis."
MA,2025-03,month,76,adult_use,retail,flower,all,mean,usd_per_gram,4.28,unknown,MA Cannabis Control Commission Open Data,https://masscannabiscontrol.com/resource/a_sales_au_price_per_gram.csv,2026-09-23,download,"BEYOND MONTH 48; retained for floor analysis. CCC dataset 'Average Monthly Price per Ounce for Adult-Use Cannabis' (file a_sales_au_price_per_gram.csv), column AVERAGERETAILPRICEPERGM, CCCLastUpdated 2026-09-08. Dataset title says ounce; values are per gram. File does not state whether pre-rolls are included, tax treatment, or weighting; CCC press describes it as a monthly average price per gram of adult-use cannabis."
MA,2025-04,month,77,adult_use,retail,flower,all,mean,usd_per_gram,4.15,unknown,MA Cannabis Control Commission Open Data,https://masscannabiscontrol.com/resource/a_sales_au_price_per_gram.csv,2026-09-23,download,"BEYOND MONTH 48; retained for floor analysis. CCC dataset 'Average Monthly Price per Ounce for Adult-Use Cannabis' (file a_sales_au_price_per_gram.csv), column AVERAGERETAILPRICEPERGM, CCCLastUpdated 2026-09-08. Dataset title says ounce; values are per gram. File does not state whether pre-rolls are included, tax treatment, or weighting; CCC press describes it as a monthly average price per gram of adult-use cannabis."
MA,2025-05,month,78,adult_use,retail,flower,all,mean,usd_per_gram,4.21,unknown,MA Cannabis Control Commission Open Data,https://masscannabiscontrol.com/resource/a_sales_au_price_per_gram.csv,2026-09-23,download,"BEYOND MONTH 48; retained for floor analysis. CCC dataset 'Average Monthly Price per Ounce for Adult-Use Cannabis' (file a_sales_au_price_per_gram.csv), column AVERAGERETAILPRICEPERGM, CCCLastUpdated 2026-09-08. Dataset title says ounce; values are per gram. File does not state whether pre-rolls are included, tax treatment, or weighting; CCC press describes it as a monthly average price per gram of adult-use cannabis."
MA,2025-06,month,79,adult_use,retail,flower,all,mean,usd_per_gram,4.20,unknown,MA Cannabis Control Commission Open Data,https://masscannabiscontrol.com/resource/a_sales_au_price_per_gram.csv,2026-09-23,download,"BEYOND MONTH 48; retained for floor analysis. CCC dataset 'Average Monthly Price per Ounce for Adult-Use Cannabis' (file a_sales_au_price_per_gram.csv), column AVERAGERETAILPRICEPERGM, CCCLastUpdated 2026-09-08. Dataset title says ounce; values are per gram. File does not state whether pre-rolls are included, tax treatment, or weighting; CCC press describes it as a monthly average price per gram of adult-use cannabis."
MA,2025-07,month,80,adult_use,retail,flower,all,mean,usd_per_gram,4.14,unknown,MA Cannabis Control Commission Open Data,https://masscannabiscontrol.com/resource/a_sales_au_price_per_gram.csv,2026-09-23,download,"BEYOND MONTH 48; retained for floor analysis. CCC dataset 'Average Monthly Price per Ounce for Adult-Use Cannabis' (file a_sales_au_price_per_gram.csv), column AVERAGERETAILPRICEPERGM, CCCLastUpdated 2026-09-08. Dataset title says ounce; values are per gram. File does not state whether pre-rolls are included, tax treatment, or weighting; CCC press describes it as a monthly average price per gram of adult-use cannabis."
MA,2025-08,month,81,adult_use,retail,flower,all,mean,usd_per_gram,4.13,unknown,MA Cannabis Control Commission Open Data,https://masscannabiscontrol.com/resource/a_sales_au_price_per_gram.csv,2026-09-23,download,"BEYOND MONTH 48; retained for floor analysis. CCC dataset 'Average Monthly Price per Ounce for Adult-Use Cannabis' (file a_sales_au_price_per_gram.csv), column AVERAGERETAILPRICEPERGM, CCCLastUpdated 2026-09-08. Dataset title says ounce; values are per gram. File does not state whether pre-rolls are included, tax treatment, or weighting; CCC press describes it as a monthly average price per gram of adult-use cannabis."
MA,2025-09,month,82,adult_use,retail,flower,all,mean,usd_per_gram,4.09,unknown,MA Cannabis Control Commission Open Data,https://masscannabiscontrol.com/resource/a_sales_au_price_per_gram.csv,2026-09-23,download,"BEYOND MONTH 48; retained for floor analysis. CCC dataset 'Average Monthly Price per Ounce for Adult-Use Cannabis' (file a_sales_au_price_per_gram.csv), column AVERAGERETAILPRICEPERGM, CCCLastUpdated 2026-09-08. Dataset title says ounce; values are per gram. File does not state whether pre-rolls are included, tax treatment, or weighting; CCC press describes it as a monthly average price per gram of adult-use cannabis."
MA,2025-10,month,83,adult_use,retail,flower,all,mean,usd_per_gram,4.08,unknown,MA Cannabis Control Commission Open Data,https://masscannabiscontrol.com/resource/a_sales_au_price_per_gram.csv,2026-09-23,download,"BEYOND MONTH 48; retained for floor analysis. CCC dataset 'Average Monthly Price per Ounce for Adult-Use Cannabis' (file a_sales_au_price_per_gram.csv), column AVERAGERETAILPRICEPERGM, CCCLastUpdated 2026-09-08. Dataset title says ounce; values are per gram. File does not state whether pre-rolls are included, tax treatment, or weighting; CCC press describes it as a monthly average price per gram of adult-use cannabis."
MA,2025-11,month,84,adult_use,retail,flower,all,mean,usd_per_gram,4.01,unknown,MA Cannabis Control Commission Open Data,https://masscannabiscontrol.com/resource/a_sales_au_price_per_gram.csv,2026-09-23,download,"BEYOND MONTH 48; retained for floor analysis. CCC dataset 'Average Monthly Price per Ounce for Adult-Use Cannabis' (file a_sales_au_price_per_gram.csv), column AVERAGERETAILPRICEPERGM, CCCLastUpdated 2026-09-08. Dataset title says ounce; values are per gram. File does not state whether pre-rolls are included, tax treatment, or weighting; CCC press describes it as a monthly average price per gram of adult-use cannabis."
MA,2025-12,month,85,adult_use,retail,flower,all,mean,usd_per_gram,4.01,unknown,MA Cannabis Control Commission Open Data,https://masscannabiscontrol.com/resource/a_sales_au_price_per_gram.csv,2026-09-23,download,"BEYOND MONTH 48; retained for floor analysis. CCC dataset 'Average Monthly Price per Ounce for Adult-Use Cannabis' (file a_sales_au_price_per_gram.csv), column AVERAGERETAILPRICEPERGM, CCCLastUpdated 2026-09-08. Dataset title says ounce; values are per gram. File does not state whether pre-rolls are included, tax treatment, or weighting; CCC press describes it as a monthly average price per gram of adult-use cannabis."
MA,2026-01,month,86,adult_use,retail,flower,all,mean,usd_per_gram,4.05,unknown,MA Cannabis Control Commission Open Data,https://masscannabiscontrol.com/resource/a_sales_au_price_per_gram.csv,2026-09-23,download,"BEYOND MONTH 48; retained for floor analysis. CCC dataset 'Average Monthly Price per Ounce for Adult-Use Cannabis' (file a_sales_au_price_per_gram.csv), column AVERAGERETAILPRICEPERGM, CCCLastUpdated 2026-09-08. Dataset title says ounce; values are per gram. File does not state whether pre-rolls are included, tax treatment, or weighting; CCC press describes it as a monthly average price per gram of adult-use cannabis."
MA,2026-02,month,87,adult_use,retail,flower,all,mean,usd_per_gram,4.04,unknown,MA Cannabis Control Commission Open Data,https://masscannabiscontrol.com/resource/a_sales_au_price_per_gram.csv,2026-09-23,download,"BEYOND MONTH 48; retained for floor analysis. CCC dataset 'Average Monthly Price per Ounce for Adult-Use Cannabis' (file a_sales_au_price_per_gram.csv), column AVERAGERETAILPRICEPERGM, CCCLastUpdated 2026-09-08. Dataset title says ounce; values are per gram. File does not state whether pre-rolls are included, tax treatment, or weighting; CCC press describes it as a monthly average price per gram of adult-use cannabis."
MA,2026-03,month,88,adult_use,retail,flower,all,mean,usd_per_gram,4.03,unknown,MA Cannabis Control Commission Open Data,https://masscannabiscontrol.com/resource/a_sales_au_price_per_gram.csv,2026-09-23,download,"BEYOND MONTH 48; retained for floor analysis. CCC dataset 'Average Monthly Price per Ounce for Adult-Use Cannabis' (file a_sales_au_price_per_gram.csv), column AVERAGERETAILPRICEPERGM, CCCLastUpdated 2026-09-08. Dataset title says ounce; values are per gram. File does not state whether pre-rolls are included, tax treatment, or weighting; CCC press describes it as a monthly average price per gram of adult-use cannabis."
MA,2026-04,month,89,adult_use,retail,flower,all,mean,usd_per_gram,3.89,unknown,MA Cannabis Control Commission Open Data,https://masscannabiscontrol.com/resource/a_sales_au_price_per_gram.csv,2026-09-23,download,"BEYOND MONTH 48; retained for floor analysis. CCC dataset 'Average Monthly Price per Ounce for Adult-Use Cannabis' (file a_sales_au_price_per_gram.csv), column AVERAGERETAILPRICEPERGM, CCCLastUpdated 2026-09-08. Dataset title says ounce; values are per gram. File does not state whether pre-rolls are included, tax treatment, or weighting; CCC press describes it as a monthly average price per gram of adult-use cannabis."
MA,2026-05,month,90,adult_use,retail,flower,all,mean,usd_per_gram,3.89,unknown,MA Cannabis Control Commission Open Data,https://masscannabiscontrol.com/resource/a_sales_au_price_per_gram.csv,2026-09-23,download,"BEYOND MONTH 48; retained for floor analysis. CCC dataset 'Average Monthly Price per Ounce for Adult-Use Cannabis' (file a_sales_au_price_per_gram.csv), column AVERAGERETAILPRICEPERGM, CCCLastUpdated 2026-09-08. Dataset title says ounce; values are per gram. File does not state whether pre-rolls are included, tax treatment, or weighting; CCC press describes it as a monthly average price per gram of adult-use cannabis."
MA,2026-06,month,91,adult_use,retail,flower,all,mean,usd_per_gram,3.87,unknown,MA Cannabis Control Commission Open Data,https://masscannabiscontrol.com/resource/a_sales_au_price_per_gram.csv,2026-09-23,download,"BEYOND MONTH 48; retained for floor analysis. CCC dataset 'Average Monthly Price per Ounce for Adult-Use Cannabis' (file a_sales_au_price_per_gram.csv), column AVERAGERETAILPRICEPERGM, CCCLastUpdated 2026-09-08. Dataset title says ounce; values are per gram. File does not state whether pre-rolls are included, tax treatment, or weighting; CCC press describes it as a monthly average price per gram of adult-use cannabis."
MA,2026-07,month,92,adult_use,retail,flower,all,mean,usd_per_gram,3.83,unknown,MA Cannabis Control Commission Open Data,https://masscannabiscontrol.com/resource/a_sales_au_price_per_gram.csv,2026-09-23,download,"BEYOND MONTH 48; retained for floor analysis. CCC dataset 'Average Monthly Price per Ounce for Adult-Use Cannabis' (file a_sales_au_price_per_gram.csv), column AVERAGERETAILPRICEPERGM, CCCLastUpdated 2026-09-08. Dataset title says ounce; values are per gram. File does not state whether pre-rolls are included, tax treatment, or weighting; CCC press describes it as a monthly average price per gram of adult-use cannabis."
MA,2026-08,month,93,adult_use,retail,flower,all,mean,usd_per_gram,3.81,unknown,MA Cannabis Control Commission Open Data,https://masscannabiscontrol.com/resource/a_sales_au_price_per_gram.csv,2026-09-23,download,"BEYOND MONTH 48; retained for floor analysis. CCC dataset 'Average Monthly Price per Ounce for Adult-Use Cannabis' (file a_sales_au_price_per_gram.csv), column AVERAGERETAILPRICEPERGM, CCCLastUpdated 2026-09-08. Dataset title says ounce; values are per gram. File does not state whether pre-rolls are included, tax treatment, or weighting; CCC press describes it as a monthly average price per gram of adult-use cannabis."
